country_region_code,country_region,sub_region_1,sub_region_2,metro_area,iso_3166_2_code,census_fips_code,place_id,date,retail_and_recreation_percent_change_from_baseline,grocery_and_pharmacy_percent_change_from_baseline,parks_percent_change_from_baseline,transit_stations_percent_change_from_baseline,workplaces_percent_change_from_baseline,residential_percent_change_from_baseline
NL,Netherlands,,,,,,ChIJu-SH28MJxkcRnwq9_851obM,2020-02-15,1,1,11,3,0,0
NL,Netherlands,,,,,,ChIJu-SH28MJxkcRnwq9_851obM,2020-02-16,-10,-8,-31,-5,-3,2
NL,Netherlands,,,,,,ChIJu-SH28MJxkcRnwq9_851obM,2020-02-17,0,-1,8,-3,-5,1
NL,Netherlands,,,,,,ChIJu-SH28MJxkcRnwq9_851obM,2020-02-18,5,4,21,-3,-5,1
NL,Netherlands,,,,,,ChIJu-SH28MJxkcRnwq9_851obM,2020-02-19,3,0,20,-3,-5,1
NL,Netherlands,,,,,,ChIJu-SH28MJxkcRnwq9_851obM,2020-02-20,1,-1,-5,-3,-6,1
NL,Netherlands,,,,,,ChIJu-SH28MJxkcRnwq9_851obM,2020-02-21,8,4,22,1,-9,0
NL,Netherlands,,,,,,ChIJu-SH28MJxkcRnwq9_851obM,2020-02-22,1,-2,-2,10,-4,0
NL,Netherlands,,,,,,ChIJu-SH28MJxkcRnwq9_851obM,2020-02-23,1,-11,-26,2,-3,0
NL,Netherlands,,,,,,ChIJu-SH28MJxkcRnwq9_851obM,2020-02-24,9,-7,4,-4,-21,3
NL,Netherlands,,,,,,ChIJu-SH28MJxkcRnwq9_851obM,2020-02-25,16,8,35,-4,-17,2
NL,Netherlands,,,,,,ChIJu-SH28MJxkcRnwq9_851obM,2020-02-26,3,0,9,-7,-13,2
NL,Netherlands,,,,,,ChIJu-SH28MJxkcRnwq9_851obM,2020-02-27,-1,-2,-9,-8,-13,3
NL,Netherlands,,,,,,ChIJu-SH28MJxkcRnwq9_851obM,2020-02-28,2,2,11,-5,-13,2
NL,Netherlands,,,,,,ChIJu-SH28MJxkcRnwq9_851obM,2020-02-29,-3,1,-6,-3,-2,1
NL,Netherlands,,,,,,ChIJu-SH28MJxkcRnwq9_851obM,2020-03-01,3,4,2,2,1,0
NL,Netherlands,,,,,,ChIJu-SH28MJxkcRnwq9_851obM,2020-03-02,-6,-2,-12,-1,2,1
NL,Netherlands,,,,,,ChIJu-SH28MJxkcRnwq9_851obM,2020-03-03,2,6,20,-2,2,0
NL,Netherlands,,,,,,ChIJu-SH28MJxkcRnwq9_851obM,2020-03-04,2,3,21,-1,3,0
NL,Netherlands,,,,,,ChIJu-SH28MJxkcRnwq9_851obM,2020-03-05,-5,-1,-11,-3,2,1
NL,Netherlands,,,,,,ChIJu-SH28MJxkcRnwq9_851obM,2020-03-06,1,4,10,-1,2,1
NL,Netherlands,,,,,,ChIJu-SH28MJxkcRnwq9_851obM,2020-03-07,2,2,39,3,0,0
NL,Netherlands,,,,,,ChIJu-SH28MJxkcRnwq9_851obM,2020-03-08,-1,1,-5,-3,0,1
NL,Netherlands,,,,,,ChIJu-SH28MJxkcRnwq9_851obM,2020-03-09,-3,2,6,-4,1,1
NL,Netherlands,,,,,,ChIJu-SH28MJxkcRnwq9_851obM,2020-03-10,-7,2,-6,-6,-1,2
NL,Netherlands,,,,,,ChIJu-SH28MJxkcRnwq9_851obM,2020-03-11,-2,4,18,-8,-2,2
NL,Netherlands,,,,,,ChIJu-SH28MJxkcRnwq9_851obM,2020-03-12,-9,12,-5,-12,-3,4
NL,Netherlands,,,,,,ChIJu-SH28MJxkcRnwq9_851obM,2020-03-13,-12,24,-2,-26,-11,6
NL,Netherlands,,,,,,ChIJu-SH28MJxkcRnwq9_851obM,2020-03-14,-19,8,21,-28,-6,6
NL,Netherlands,,,,,,ChIJu-SH28MJxkcRnwq9_851obM,2020-03-15,-32,11,15,-33,-11,5
NL,Netherlands,,,,,,ChIJu-SH28MJxkcRnwq9_851obM,2020-03-16,-25,16,33,-49,-38,14
NL,Netherlands,,,,,,ChIJu-SH28MJxkcRnwq9_851obM,2020-03-17,-29,11,51,-54,-44,16
NL,Netherlands,,,,,,ChIJu-SH28MJxkcRnwq9_851obM,2020-03-18,-35,3,34,-55,-44,16
NL,Netherlands,,,,,,ChIJu-SH28MJxkcRnwq9_851obM,2020-03-19,-41,1,3,-61,-47,19
NL,Netherlands,,,,,,ChIJu-SH28MJxkcRnwq9_851obM,2020-03-20,-45,-3,-6,-61,-45,19
NL,Netherlands,,,,,,ChIJu-SH28MJxkcRnwq9_851obM,2020-03-21,-49,-9,24,-54,-26,12
NL,Netherlands,,,,,,ChIJu-SH28MJxkcRnwq9_851obM,2020-03-22,-60,-17,15,-57,-31,10
NL,Netherlands,,,,,,ChIJu-SH28MJxkcRnwq9_851obM,2020-03-23,-38,-9,4,-65,-50,18
NL,Netherlands,,,,,,ChIJu-SH28MJxkcRnwq9_851obM,2020-03-24,-42,-9,25,-65,-52,20
NL,Netherlands,,,,,,ChIJu-SH28MJxkcRnwq9_851obM,2020-03-25,-45,-15,27,-64,-51,18
NL,Netherlands,,,,,,ChIJu-SH28MJxkcRnwq9_851obM,2020-03-26,-47,-14,11,-66,-53,21
NL,Netherlands,,,,,,ChIJu-SH28MJxkcRnwq9_851obM,2020-03-27,-48,-14,22,-64,-49,20
NL,Netherlands,,,,,,ChIJu-SH28MJxkcRnwq9_851obM,2020-03-28,-54,-19,1,-61,-30,13
NL,Netherlands,,,,,,ChIJu-SH28MJxkcRnwq9_851obM,2020-03-29,-65,-29,-30,-68,-35,11
NL,Netherlands,,,,,,ChIJu-SH28MJxkcRnwq9_851obM,2020-03-30,-44,-21,-8,-68,-52,19
NL,Netherlands,,,,,,ChIJu-SH28MJxkcRnwq9_851obM,2020-03-31,-40,-13,41,-64,-52,19
NL,Netherlands,,,,,,ChIJu-SH28MJxkcRnwq9_851obM,2020-04-01,-44,-16,16,-64,-50,18
NL,Netherlands,,,,,,ChIJu-SH28MJxkcRnwq9_851obM,2020-04-02,-47,-16,-4,-67,-52,21
NL,Netherlands,,,,,,ChIJu-SH28MJxkcRnwq9_851obM,2020-04-03,-48,-13,1,-65,-49,20
NL,Netherlands,,,,,,ChIJu-SH28MJxkcRnwq9_851obM,2020-04-04,-51,-16,13,-57,-28,13
NL,Netherlands,,,,,,ChIJu-SH28MJxkcRnwq9_851obM,2020-04-05,-54,-16,41,-52,-29,8
NL,Netherlands,,,,,,ChIJu-SH28MJxkcRnwq9_851obM,2020-04-06,-36,-16,30,-63,-51,18
NL,Netherlands,,,,,,ChIJu-SH28MJxkcRnwq9_851obM,2020-04-07,-35,-8,61,-61,-51,18
NL,Netherlands,,,,,,ChIJu-SH28MJxkcRnwq9_851obM,2020-04-08,-37,-10,65,-58,-48,16
NL,Netherlands,,,,,,ChIJu-SH28MJxkcRnwq9_851obM,2020-04-09,-38,-4,34,-61,-50,18
NL,Netherlands,,,,,,ChIJu-SH28MJxkcRnwq9_851obM,2020-04-10,-39,-3,40,-60,-53,19
NL,Netherlands,,,,,,ChIJu-SH28MJxkcRnwq9_851obM,2020-04-11,-46,-4,33,-51,-24,11
NL,Netherlands,,,,,,ChIJu-SH28MJxkcRnwq9_851obM,2020-04-12,-71,-51,33,-54,-29,8
NL,Netherlands,,,,,,ChIJu-SH28MJxkcRnwq9_851obM,2020-04-13,-57,-46,14,-75,-85,27
NL,Netherlands,,,,,,ChIJu-SH28MJxkcRnwq9_851obM,2020-04-14,-40,-10,16,-64,-49,18
NL,Netherlands,,,,,,ChIJu-SH28MJxkcRnwq9_851obM,2020-04-15,-38,-13,47,-59,-46,16
NL,Netherlands,,,,,,ChIJu-SH28MJxkcRnwq9_851obM,2020-04-16,-40,-11,43,-60,-48,18
NL,Netherlands,,,,,,ChIJu-SH28MJxkcRnwq9_851obM,2020-04-17,-41,-10,38,-59,-45,17
NL,Netherlands,,,,,,ChIJu-SH28MJxkcRnwq9_851obM,2020-04-18,-49,-14,-1,-57,-21,12
NL,Netherlands,,,,,,ChIJu-SH28MJxkcRnwq9_851obM,2020-04-19,-51,-17,52,-49,-21,8
NL,Netherlands,,,,,,ChIJu-SH28MJxkcRnwq9_851obM,2020-04-20,-31,-13,37,-60,-48,17
NL,Netherlands,,,,,,ChIJu-SH28MJxkcRnwq9_851obM,2020-04-21,-32,-6,52,-60,-47,17
NL,Netherlands,,,,,,ChIJu-SH28MJxkcRnwq9_851obM,2020-04-22,-34,-10,63,-56,-44,15
NL,Netherlands,,,,,,ChIJu-SH28MJxkcRnwq9_851obM,2020-04-23,-35,-6,64,-56,-47,16
NL,Netherlands,,,,,,ChIJu-SH28MJxkcRnwq9_851obM,2020-04-24,-36,-5,47,-56,-44,16
NL,Netherlands,,,,,,ChIJu-SH28MJxkcRnwq9_851obM,2020-04-25,-41,-6,20,-51,-18,10
NL,Netherlands,,,,,,ChIJu-SH28MJxkcRnwq9_851obM,2020-04-26,-43,-6,62,-46,-19,7
NL,Netherlands,,,,,,ChIJu-SH28MJxkcRnwq9_851obM,2020-04-27,-34,-19,107,-63,-79,22
NL,Netherlands,,,,,,ChIJu-SH28MJxkcRnwq9_851obM,2020-04-28,-35,-7,-3,-63,-48,16
NL,Netherlands,,,,,,ChIJu-SH28MJxkcRnwq9_851obM,2020-04-29,-34,-9,22,-58,-45,15
NL,Netherlands,,,,,,ChIJu-SH28MJxkcRnwq9_851obM,2020-04-30,-37,-7,13,-60,-47,17
NL,Netherlands,,,,,,ChIJu-SH28MJxkcRnwq9_851obM,2020-05-01,-40,-9,2,-60,-44,17
NL,Netherlands,,,,,,ChIJu-SH28MJxkcRnwq9_851obM,2020-05-02,-43,-9,5,-53,-16,11
NL,Netherlands,,,,,,ChIJu-SH28MJxkcRnwq9_851obM,2020-05-03,-45,-13,53,-46,-15,7
NL,Netherlands,,,,,,ChIJu-SH28MJxkcRnwq9_851obM,2020-05-04,-20,-9,58,-58,-52,16
NL,Netherlands,,,,,,ChIJu-SH28MJxkcRnwq9_851obM,2020-05-05,-30,-7,123,-61,-70,21
NL,Netherlands,,,,,,ChIJu-SH28MJxkcRnwq9_851obM,2020-05-06,-27,-6,74,-52,-40,13
NL,Netherlands,,,,,,ChIJu-SH28MJxkcRnwq9_851obM,2020-05-07,-30,-3,69,-55,-43,15
NL,Netherlands,,,,,,ChIJu-SH28MJxkcRnwq9_851obM,2020-05-08,-31,0,86,-51,-39,13
NL,Netherlands,,,,,,ChIJu-SH28MJxkcRnwq9_851obM,2020-05-09,-35,2,92,-39,-8,6
NL,Netherlands,,,,,,ChIJu-SH28MJxkcRnwq9_851obM,2020-05-10,-47,-11,11,-47,-1,5
NL,Netherlands,,,,,,ChIJu-SH28MJxkcRnwq9_851obM,2020-05-11,-29,-9,10,-57,-40,15
NL,Netherlands,,,,,,ChIJu-SH28MJxkcRnwq9_851obM,2020-05-12,-27,-2,33,-55,-39,15
NL,Netherlands,,,,,,ChIJu-SH28MJxkcRnwq9_851obM,2020-05-13,-30,-6,28,-54,-37,13
NL,Netherlands,,,,,,ChIJu-SH28MJxkcRnwq9_851obM,2020-05-14,-32,-4,27,-55,-38,14
NL,Netherlands,,,,,,ChIJu-SH28MJxkcRnwq9_851obM,2020-05-15,-32,-3,48,-51,-35,13
NL,Netherlands,,,,,,ChIJu-SH28MJxkcRnwq9_851obM,2020-05-16,-36,-5,39,-46,-6,8
NL,Netherlands,,,,,,ChIJu-SH28MJxkcRnwq9_851obM,2020-05-17,-37,-6,86,-40,-3,5
NL,Netherlands,,,,,,ChIJu-SH28MJxkcRnwq9_851obM,2020-05-18,-21,-6,64,-52,-38,13
NL,Netherlands,,,,,,ChIJu-SH28MJxkcRnwq9_851obM,2020-05-19,-19,3,90,-51,-37,13
NL,Netherlands,,,,,,ChIJu-SH28MJxkcRnwq9_851obM,2020-05-20,-11,15,134,-44,-35,9
NL,Netherlands,,,,,,ChIJu-SH28MJxkcRnwq9_851obM,2020-05-21,-35,-13,246,-53,-78,19
NL,Netherlands,,,,,,ChIJu-SH28MJxkcRnwq9_851obM,2020-05-22,-22,3,86,-54,-54,16
NL,Netherlands,,,,,,ChIJu-SH28MJxkcRnwq9_851obM,2020-05-23,-32,-4,67,-43,-2,7
NL,Netherlands,,,,,,ChIJu-SH28MJxkcRnwq9_851obM,2020-05-24,-45,-12,7,-51,-5,6
NL,Netherlands,,,,,,ChIJu-SH28MJxkcRnwq9_851obM,2020-05-25,-14,-2,75,-49,-38,12
NL,Netherlands,,,,,,ChIJu-SH28MJxkcRnwq9_851obM,2020-05-26,-13,5,114,-47,-36,11
NL,Netherlands,,,,,,ChIJu-SH28MJxkcRnwq9_851obM,2020-05-27,-16,1,96,-46,-34,10
NL,Netherlands,,,,,,ChIJu-SH28MJxkcRnwq9_851obM,2020-05-28,-20,3,74,-49,-35,12
NL,Netherlands,,,,,,ChIJu-SH28MJxkcRnwq9_851obM,2020-05-29,-22,4,122,-44,-32,10
NL,Netherlands,,,,,,ChIJu-SH28MJxkcRnwq9_851obM,2020-05-30,-28,5,129,-33,10,4
NL,Netherlands,,,,,,ChIJu-SH28MJxkcRnwq9_851obM,2020-05-31,-43,-16,154,-31,6,2
NL,Netherlands,,,,,,ChIJu-SH28MJxkcRnwq9_851obM,2020-06-01,-2,-16,248,-52,-76,16
NL,Netherlands,,,,,,ChIJu-SH28MJxkcRnwq9_851obM,2020-06-02,-7,9,153,-44,-34,9
NL,Netherlands,,,,,,ChIJu-SH28MJxkcRnwq9_851obM,2020-06-03,-11,0,102,-44,-31,9
NL,Netherlands,,,,,,ChIJu-SH28MJxkcRnwq9_851obM,2020-06-04,-23,-3,12,-53,-34,12
NL,Netherlands,,,,,,ChIJu-SH28MJxkcRnwq9_851obM,2020-06-05,-25,-5,14,-50,-30,11
NL,Netherlands,,,,,,ChIJu-SH28MJxkcRnwq9_851obM,2020-06-06,-23,-3,21,-43,8,6
NL,Netherlands,,,,,,ChIJu-SH28MJxkcRnwq9_851obM,2020-06-07,-25,-7,27,-45,6,5
NL,Netherlands,,,,,,ChIJu-SH28MJxkcRnwq9_851obM,2020-06-08,-11,-4,53,-48,-34,11
NL,Netherlands,,,,,,ChIJu-SH28MJxkcRnwq9_851obM,2020-06-09,-8,3,83,-47,-33,10
NL,Netherlands,,,,,,ChIJu-SH28MJxkcRnwq9_851obM,2020-06-10,-10,-1,88,-45,-31,9
NL,Netherlands,,,,,,ChIJu-SH28MJxkcRnwq9_851obM,2020-06-11,-12,1,61,-48,-33,11
NL,Netherlands,,,,,,ChIJu-SH28MJxkcRnwq9_851obM,2020-06-12,-11,-1,129,-40,-29,8
NL,Netherlands,,,,,,ChIJu-SH28MJxkcRnwq9_851obM,2020-06-13,-17,-3,126,-31,13,3
NL,Netherlands,,,,,,ChIJu-SH28MJxkcRnwq9_851obM,2020-06-14,-20,-5,71,-38,11,3
NL,Netherlands,,,,,,ChIJu-SH28MJxkcRnwq9_851obM,2020-06-15,-5,-1,99,-45,-33,9
NL,Netherlands,,,,,,ChIJu-SH28MJxkcRnwq9_851obM,2020-06-16,-7,3,90,-46,-33,10
NL,Netherlands,,,,,,ChIJu-SH28MJxkcRnwq9_851obM,2020-06-17,-6,-1,99,-42,-30,8
NL,Netherlands,,,,,,ChIJu-SH28MJxkcRnwq9_851obM,2020-06-18,-11,0,63,-46,-33,10
NL,Netherlands,,,,,,ChIJu-SH28MJxkcRnwq9_851obM,2020-06-19,-8,1,116,-39,-29,7
NL,Netherlands,,,,,,ChIJu-SH28MJxkcRnwq9_851obM,2020-06-20,-11,2,123,-28,13,2
NL,Netherlands,,,,,,ChIJu-SH28MJxkcRnwq9_851obM,2020-06-21,-12,-4,105,-30,24,0
NL,Netherlands,,,,,,ChIJu-SH28MJxkcRnwq9_851obM,2020-06-22,1,2,129,-42,-34,8
NL,Netherlands,,,,,,ChIJu-SH28MJxkcRnwq9_851obM,2020-06-23,6,9,185,-40,-33,8
NL,Netherlands,,,,,,ChIJu-SH28MJxkcRnwq9_851obM,2020-06-24,0,3,192,-37,-31,6
NL,Netherlands,,,,,,ChIJu-SH28MJxkcRnwq9_851obM,2020-06-25,-3,4,161,-40,-33,8
NL,Netherlands,,,,,,ChIJu-SH28MJxkcRnwq9_851obM,2020-06-26,-10,-1,181,-37,-30,6
NL,Netherlands,,,,,,ChIJu-SH28MJxkcRnwq9_851obM,2020-06-27,-16,-3,86,-33,7,3
NL,Netherlands,,,,,,ChIJu-SH28MJxkcRnwq9_851obM,2020-06-28,-4,0,98,-30,14,1
NL,Netherlands,,,,,,ChIJu-SH28MJxkcRnwq9_851obM,2020-06-29,-2,0,82,-44,-33,9
NL,Netherlands,,,,,,ChIJu-SH28MJxkcRnwq9_851obM,2020-06-30,-2,3,72,-45,-32,9
NL,Netherlands,,,,,,ChIJu-SH28MJxkcRnwq9_851obM,2020-07-01,1,1,91,-39,-30,7
NL,Netherlands,,,,,,ChIJu-SH28MJxkcRnwq9_851obM,2020-07-02,-1,1,85,-40,-31,8
NL,Netherlands,,,,,,ChIJu-SH28MJxkcRnwq9_851obM,2020-07-03,-2,-1,124,-35,-28,6
NL,Netherlands,,,,,,ChIJu-SH28MJxkcRnwq9_851obM,2020-07-04,-17,-6,50,-36,5,4
NL,Netherlands,,,,,,ChIJu-SH28MJxkcRnwq9_851obM,2020-07-05,-10,-4,69,-33,8,2
NL,Netherlands,,,,,,ChIJu-SH28MJxkcRnwq9_851obM,2020-07-06,2,0,106,-42,-36,8
NL,Netherlands,,,,,,ChIJu-SH28MJxkcRnwq9_851obM,2020-07-07,9,6,146,-39,-35,8
NL,Netherlands,,,,,,ChIJu-SH28MJxkcRnwq9_851obM,2020-07-08,-1,-2,88,-40,-33,7
NL,Netherlands,,,,,,ChIJu-SH28MJxkcRnwq9_851obM,2020-07-09,-5,-2,60,-43,-35,9
NL,Netherlands,,,,,,ChIJu-SH28MJxkcRnwq9_851obM,2020-07-10,-4,-1,118,-37,-31,6
NL,Netherlands,,,,,,ChIJu-SH28MJxkcRnwq9_851obM,2020-07-11,-10,-5,133,-24,8,1
NL,Netherlands,,,,,,ChIJu-SH28MJxkcRnwq9_851obM,2020-07-12,1,-3,162,-19,12,-1
NL,Netherlands,,,,,,ChIJu-SH28MJxkcRnwq9_851obM,2020-07-13,11,1,209,-37,-38,6
NL,Netherlands,,,,,,ChIJu-SH28MJxkcRnwq9_851obM,2020-07-14,4,2,134,-43,-39,8
NL,Netherlands,,,,,,ChIJu-SH28MJxkcRnwq9_851obM,2020-07-15,8,0,175,-36,-35,6
NL,Netherlands,,,,,,ChIJu-SH28MJxkcRnwq9_851obM,2020-07-16,0,0,115,-43,-37,8
NL,Netherlands,,,,,,ChIJu-SH28MJxkcRnwq9_851obM,2020-07-17,0,-2,181,-36,-35,5
NL,Netherlands,,,,,,ChIJu-SH28MJxkcRnwq9_851obM,2020-07-18,-13,-7,190,-20,4,-1
NL,Netherlands,,,,,,ChIJu-SH28MJxkcRnwq9_851obM,2020-07-19,-1,-3,165,-22,9,-1
NL,Netherlands,,,,,,ChIJu-SH28MJxkcRnwq9_851obM,2020-07-20,16,4,219,-40,-45,7
NL,Netherlands,,,,,,ChIJu-SH28MJxkcRnwq9_851obM,2020-07-21,20,7,258,-39,-45,7
NL,Netherlands,,,,,,ChIJu-SH28MJxkcRnwq9_851obM,2020-07-22,11,-2,227,-37,-41,6
NL,Netherlands,,,,,,ChIJu-SH28MJxkcRnwq9_851obM,2020-07-23,8,1,194,-41,-43,7
NL,Netherlands,,,,,,ChIJu-SH28MJxkcRnwq9_851obM,2020-07-24,-1,-3,175,-39,-42,6
NL,Netherlands,,,,,,ChIJu-SH28MJxkcRnwq9_851obM,2020-07-25,-15,-8,113,-30,-2,2
NL,Netherlands,,,,,,ChIJu-SH28MJxkcRnwq9_851obM,2020-07-26,4,-3,153,-21,8,-1
NL,Netherlands,,,,,,ChIJu-SH28MJxkcRnwq9_851obM,2020-07-27,11,-1,184,-45,-50,9
NL,Netherlands,,,,,,ChIJu-SH28MJxkcRnwq9_851obM,2020-07-28,16,5,231,-43,-49,9
NL,Netherlands,,,,,,ChIJu-SH28MJxkcRnwq9_851obM,2020-07-29,12,-2,227,-39,-47,7
NL,Netherlands,,,,,,ChIJu-SH28MJxkcRnwq9_851obM,2020-07-30,9,1,233,-40,-49,7
NL,Netherlands,,,,,,ChIJu-SH28MJxkcRnwq9_851obM,2020-07-31,-9,-9,286,-37,-48,5
NL,Netherlands,,,,,,ChIJu-SH28MJxkcRnwq9_851obM,2020-08-01,-18,-10,187,-25,-4,0
NL,Netherlands,,,,,,ChIJu-SH28MJxkcRnwq9_851obM,2020-08-02,-2,-5,172,-20,7,-1
NL,Netherlands,,,,,,ChIJu-SH28MJxkcRnwq9_851obM,2020-08-03,10,-2,182,-45,-52,9
NL,Netherlands,,,,,,ChIJu-SH28MJxkcRnwq9_851obM,2020-08-04,21,6,279,-40,-50,8
NL,Netherlands,,,,,,ChIJu-SH28MJxkcRnwq9_851obM,2020-08-05,10,-1,286,-38,-48,6
NL,Netherlands,,,,,,ChIJu-SH28MJxkcRnwq9_851obM,2020-08-06,0,-1,251,-42,-51,8
NL,Netherlands,,,,,,ChIJu-SH28MJxkcRnwq9_851obM,2020-08-07,-12,-7,262,-41,-49,6
NL,Netherlands,,,,,,ChIJu-SH28MJxkcRnwq9_851obM,2020-08-08,-27,-12,217,-28,-7,1
NL,Netherlands,,,,,,ChIJu-SH28MJxkcRnwq9_851obM,2020-08-09,-14,-6,196,-23,4,-1
NL,Netherlands,,,,,,ChIJu-SH28MJxkcRnwq9_851obM,2020-08-10,5,1,254,-44,-50,8
NL,Netherlands,,,,,,ChIJu-SH28MJxkcRnwq9_851obM,2020-08-11,4,2,282,-45,-49,9
NL,Netherlands,,,,,,ChIJu-SH28MJxkcRnwq9_851obM,2020-08-12,-1,-6,263,-42,-46,7
NL,Netherlands,,,,,,ChIJu-SH28MJxkcRnwq9_851obM,2020-08-13,-6,-5,173,-47,-48,10
NL,Netherlands,,,,,,ChIJu-SH28MJxkcRnwq9_851obM,2020-08-14,-7,-7,172,-41,-45,7
NL,Netherlands,,,,,,ChIJu-SH28MJxkcRnwq9_851obM,2020-08-15,-15,-9,149,-26,-2,1
NL,Netherlands,,,,,,ChIJu-SH28MJxkcRnwq9_851obM,2020-08-16,-9,-7,137,-25,5,0
NL,Netherlands,,,,,,ChIJu-SH28MJxkcRnwq9_851obM,2020-08-17,5,-1,152,-42,-43,8
NL,Netherlands,,,,,,ChIJu-SH28MJxkcRnwq9_851obM,2020-08-18,10,3,194,-40,-40,8
NL,Netherlands,,,,,,ChIJu-SH28MJxkcRnwq9_851obM,2020-08-19,4,-4,189,-37,-38,6
NL,Netherlands,,,,,,ChIJu-SH28MJxkcRnwq9_851obM,2020-08-20,1,-2,151,-41,-40,7
NL,Netherlands,,,,,,ChIJu-SH28MJxkcRnwq9_851obM,2020-08-21,-3,-5,173,-36,-38,5
NL,Netherlands,,,,,,ChIJu-SH28MJxkcRnwq9_851obM,2020-08-22,-14,-8,105,-29,0,2
NL,Netherlands,,,,,,ChIJu-SH28MJxkcRnwq9_851obM,2020-08-23,-4,-3,91,-27,7,1
NL,Netherlands,,,,,,ChIJu-SH28MJxkcRnwq9_851obM,2020-08-24,5,0,120,-39,-37,7
NL,Netherlands,,,,,,ChIJu-SH28MJxkcRnwq9_851obM,2020-08-25,3,2,105,-40,-36,8
NL,Netherlands,,,,,,ChIJu-SH28MJxkcRnwq9_851obM,2020-08-26,-6,-6,69,-39,-34,8
NL,Netherlands,,,,,,ChIJu-SH28MJxkcRnwq9_851obM,2020-08-27,2,-1,104,-37,-34,6
NL,Netherlands,,,,,,ChIJu-SH28MJxkcRnwq9_851obM,2020-08-28,-6,-5,92,-36,-32,6
NL,Netherlands,,,,,,ChIJu-SH28MJxkcRnwq9_851obM,2020-08-29,-11,-6,79,-28,2,2
NL,Netherlands,,,,,,ChIJu-SH28MJxkcRnwq9_851obM,2020-08-30,-9,-5,55,-29,7,2
NL,Netherlands,,,,,,ChIJu-SH28MJxkcRnwq9_851obM,2020-08-31,2,-2,106,-35,-33,6
NL,Netherlands,,,,,,ChIJu-SH28MJxkcRnwq9_851obM,2020-09-01,3,2,132,-32,-32,6
NL,Netherlands,,,,,,ChIJu-SH28MJxkcRnwq9_851obM,2020-09-02,3,-3,149,-29,-30,4
NL,Netherlands,,,,,,ChIJu-SH28MJxkcRnwq9_851obM,2020-09-03,-13,-8,45,-38,-32,7
NL,Netherlands,,,,,,ChIJu-SH28MJxkcRnwq9_851obM,2020-09-04,-5,-3,118,-31,-29,4
NL,Netherlands,,,,,,ChIJu-SH28MJxkcRnwq9_851obM,2020-09-05,-10,-6,105,-26,1,1
NL,Netherlands,,,,,,ChIJu-SH28MJxkcRnwq9_851obM,2020-09-06,-3,-3,104,-23,6,0
NL,Netherlands,,,,,,ChIJu-SH28MJxkcRnwq9_851obM,2020-09-07,-1,-3,115,-33,-33,5
NL,Netherlands,,,,,,ChIJu-SH28MJxkcRnwq9_851obM,2020-09-08,-1,0,115,-35,-33,6
NL,Netherlands,,,,,,ChIJu-SH28MJxkcRnwq9_851obM,2020-09-09,-5,-5,97,-34,-29,5
NL,Netherlands,,,,,,ChIJu-SH28MJxkcRnwq9_851obM,2020-09-10,-5,-3,106,-34,-30,5
NL,Netherlands,,,,,,ChIJu-SH28MJxkcRnwq9_851obM,2020-09-11,-4,-4,142,-28,-27,3
NL,Netherlands,,,,,,ChIJu-SH28MJxkcRnwq9_851obM,2020-09-12,-10,-6,121,-24,2,1
NL,Netherlands,,,,,,ChIJu-SH28MJxkcRnwq9_851obM,2020-09-13,3,-3,153,-17,7,-1
NL,Netherlands,,,,,,ChIJu-SH28MJxkcRnwq9_851obM,2020-09-14,2,-3,167,-30,-27,4
NL,Netherlands,,,,,,ChIJu-SH28MJxkcRnwq9_851obM,2020-09-15,4,1,209,-31,-28,5
NL,Netherlands,,,,,,ChIJu-SH28MJxkcRnwq9_851obM,2020-09-16,-3,-3,143,-31,-25,4
NL,Netherlands,,,,,,ChIJu-SH28MJxkcRnwq9_851obM,2020-09-17,-7,-6,100,-36,-27,5
NL,Netherlands,,,,,,ChIJu-SH28MJxkcRnwq9_851obM,2020-09-18,-7,-6,130,-30,-24,3
NL,Netherlands,,,,,,ChIJu-SH28MJxkcRnwq9_851obM,2020-09-19,-10,-8,132,-25,2,0
NL,Netherlands,,,,,,ChIJu-SH28MJxkcRnwq9_851obM,2020-09-20,3,-4,150,-18,7,-1
NL,Netherlands,,,,,,ChIJu-SH28MJxkcRnwq9_851obM,2020-09-21,0,-3,123,-33,-27,5
NL,Netherlands,,,,,,ChIJu-SH28MJxkcRnwq9_851obM,2020-09-22,2,1,137,-33,-26,5
NL,Netherlands,,,,,,ChIJu-SH28MJxkcRnwq9_851obM,2020-09-23,-8,-2,66,-35,-23,6
NL,Netherlands,,,,,,ChIJu-SH28MJxkcRnwq9_851obM,2020-09-24,-12,-3,35,-38,-25,7
NL,Netherlands,,,,,,ChIJu-SH28MJxkcRnwq9_851obM,2020-09-25,-12,-4,40,-35,-23,6
NL,Netherlands,,,,,,ChIJu-SH28MJxkcRnwq9_851obM,2020-09-26,-12,-4,43,-31,2,2
NL,Netherlands,,,,,,ChIJu-SH28MJxkcRnwq9_851obM,2020-09-27,-11,-5,36,-32,5,2
NL,Netherlands,,,,,,ChIJu-SH28MJxkcRnwq9_851obM,2020-09-28,-12,-6,22,-39,-24,7
NL,Netherlands,,,,,,ChIJu-SH28MJxkcRnwq9_851obM,2020-09-29,-7,2,60,-39,-25,8
NL,Netherlands,,,,,,ChIJu-SH28MJxkcRnwq9_851obM,2020-09-30,-10,-2,50,-39,-26,7
NL,Netherlands,,,,,,ChIJu-SH28MJxkcRnwq9_851obM,2020-10-01,-21,-7,1,-44,-27,10
NL,Netherlands,,,,,,ChIJu-SH28MJxkcRnwq9_851obM,2020-10-02,-15,-2,46,-38,-23,7
NL,Netherlands,,,,,,ChIJu-SH28MJxkcRnwq9_851obM,2020-10-03,-23,-8,10,-39,-2,6
NL,Netherlands,,,,,,ChIJu-SH28MJxkcRnwq9_851obM,2020-10-04,-19,-6,31,-37,1,4
NL,Netherlands,,,,,,ChIJu-SH28MJxkcRnwq9_851obM,2020-10-05,-18,-9,13,-42,-29,9
NL,Netherlands,,,,,,ChIJu-SH28MJxkcRnwq9_851obM,2020-10-06,-16,-3,25,-43,-29,10
NL,Netherlands,,,,,,ChIJu-SH28MJxkcRnwq9_851obM,2020-10-07,-16,-5,28,-41,-26,8
NL,Netherlands,,,,,,ChIJu-SH28MJxkcRnwq9_851obM,2020-10-08,-26,-12,-10,-46,-28,11
NL,Netherlands,,,,,,ChIJu-SH28MJxkcRnwq9_851obM,2020-10-09,-17,-4,41,-39,-24,8
NL,Netherlands,,,,,,ChIJu-SH28MJxkcRnwq9_851obM,2020-10-10,-24,-10,11,-41,-2,6
NL,Netherlands,,,,,,ChIJu-SH28MJxkcRnwq9_851obM,2020-10-11,-24,-10,24,-40,0,4
NL,Netherlands,,,,,,ChIJu-SH28MJxkcRnwq9_851obM,2020-10-12,-11,-6,51,-44,-33,9
NL,Netherlands,,,,,,ChIJu-SH28MJxkcRnwq9_851obM,2020-10-13,-8,0,64,-45,-33,10
NL,Netherlands,,,,,,ChIJu-SH28MJxkcRnwq9_851obM,2020-10-14,-13,-6,51,-45,-31,9
NL,Netherlands,,,,,,ChIJu-SH28MJxkcRnwq9_851obM,2020-10-15,-29,-5,31,-50,-34,12
NL,Netherlands,,,,,,ChIJu-SH28MJxkcRnwq9_851obM,2020-10-16,-29,-4,55,-45,-32,10
NL,Netherlands,,,,,,ChIJu-SH28MJxkcRnwq9_851obM,2020-10-17,-35,-7,44,-43,-8,7
NL,Netherlands,,,,,,ChIJu-SH28MJxkcRnwq9_851obM,2020-10-18,-39,-11,51,-43,-8,5
NL,Netherlands,,,,,,ChIJu-SH28MJxkcRnwq9_851obM,2020-10-19,-20,-7,61,-49,-40,11
NL,Netherlands,,,,,,ChIJu-SH28MJxkcRnwq9_851obM,2020-10-20,-20,-1,49,-50,-39,12
NL,Netherlands,,,,,,ChIJu-SH28MJxkcRnwq9_851obM,2020-10-21,-26,-8,31,-49,-37,11
NL,Netherlands,,,,,,ChIJu-SH28MJxkcRnwq9_851obM,2020-10-22,-24,-3,49,-49,-38,12
NL,Netherlands,,,,,,ChIJu-SH28MJxkcRnwq9_851obM,2020-10-23,-25,-2,55,-45,-35,10
NL,Netherlands,,,,,,ChIJu-SH28MJxkcRnwq9_851obM,2020-10-24,-33,-5,27,-43,-7,7
NL,Netherlands,,,,,,ChIJu-SH28MJxkcRnwq9_851obM,2020-10-25,-39,-9,5,-45,-6,6
NL,Netherlands,,,,,,ChIJu-SH28MJxkcRnwq9_851obM,2020-10-26,-22,-6,17,-46,-29,10
NL,Netherlands,,,,,,ChIJu-SH28MJxkcRnwq9_851obM,2020-10-27,-23,-1,14,-47,-29,11
NL,Netherlands,,,,,,ChIJu-SH28MJxkcRnwq9_851obM,2020-10-28,-29,-7,-1,-46,-25,10
NL,Netherlands,,,,,,ChIJu-SH28MJxkcRnwq9_851obM,2020-10-29,-32,-6,-10,-49,-27,12
NL,Netherlands,,,,,,ChIJu-SH28MJxkcRnwq9_851obM,2020-10-30,-31,-4,2,-45,-24,10
NL,Netherlands,,,,,,ChIJu-SH28MJxkcRnwq9_851obM,2020-10-31,-32,-5,33,-41,-5,7
NL,Netherlands,,,,,,ChIJu-SH28MJxkcRnwq9_851obM,2020-11-01,-42,-12,5,-47,-7,6
NL,Netherlands,,,,,,ChIJu-SH28MJxkcRnwq9_851obM,2020-11-02,-27,-11,2,-47,-28,11
NL,Netherlands,,,,,,ChIJu-SH28MJxkcRnwq9_851obM,2020-11-03,-24,-3,22,-47,-28,11
NL,Netherlands,,,,,,ChIJu-SH28MJxkcRnwq9_851obM,2020-11-04,-25,-5,34,-45,-26,10
NL,Netherlands,,,,,,ChIJu-SH28MJxkcRnwq9_851obM,2020-11-05,-32,-5,10,-50,-28,12
NL,Netherlands,,,,,,ChIJu-SH28MJxkcRnwq9_851obM,2020-11-06,-31,-4,27,-46,-24,11
NL,Netherlands,,,,,,ChIJu-SH28MJxkcRnwq9_851obM,2020-11-07,-33,-5,47,-43,-7,7
NL,Netherlands,,,,,,ChIJu-SH28MJxkcRnwq9_851obM,2020-11-08,-38,-7,57,-43,-7,5
NL,Netherlands,,,,,,ChIJu-SH28MJxkcRnwq9_851obM,2020-11-09,-25,-8,27,-47,-28,11
NL,Netherlands,,,,,,ChIJu-SH28MJxkcRnwq9_851obM,2020-11-10,-24,0,30,-47,-28,11
NL,Netherlands,,,,,,ChIJu-SH28MJxkcRnwq9_851obM,2020-11-11,-26,-2,21,-45,-25,10
NL,Netherlands,,,,,,ChIJu-SH28MJxkcRnwq9_851obM,2020-11-12,-33,-7,-6,-49,-27,12
NL,Netherlands,,,,,,ChIJu-SH28MJxkcRnwq9_851obM,2020-11-13,-32,-3,5,-46,-23,11
NL,Netherlands,,,,,,ChIJu-SH28MJxkcRnwq9_851obM,2020-11-14,-35,-4,7,-47,-7,8
NL,Netherlands,,,,,,ChIJu-SH28MJxkcRnwq9_851obM,2020-11-15,-48,-15,-16,-51,-11,7
NL,Netherlands,,,,,,ChIJu-SH28MJxkcRnwq9_851obM,2020-11-16,-29,-10,-7,-48,-27,11
NL,Netherlands,,,,,,ChIJu-SH28MJxkcRnwq9_851obM,2020-11-17,-26,-2,12,-48,-27,11
NL,Netherlands,,,,,,ChIJu-SH28MJxkcRnwq9_851obM,2020-11-18,-24,-2,43,-44,-24,9
NL,Netherlands,,,,,,ChIJu-SH28MJxkcRnwq9_851obM,2020-11-19,-33,-8,-16,-50,-26,12
NL,Netherlands,,,,,,ChIJu-SH28MJxkcRnwq9_851obM,2020-11-20,-27,0,7,-44,-22,10
NL,Netherlands,,,,,,ChIJu-SH28MJxkcRnwq9_851obM,2020-11-21,-32,-4,-9,-46,-6,7
NL,Netherlands,,,,,,ChIJu-SH28MJxkcRnwq9_851obM,2020-11-22,-35,-7,18,-44,-6,5
NL,Netherlands,,,,,,ChIJu-SH28MJxkcRnwq9_851obM,2020-11-23,-20,-6,16,-46,-26,10
NL,Netherlands,,,,,,ChIJu-SH28MJxkcRnwq9_851obM,2020-11-24,-19,3,16,-47,-26,10
NL,Netherlands,,,,,,ChIJu-SH28MJxkcRnwq9_851obM,2020-11-25,-19,0,17,-45,-22,9
NL,Netherlands,,,,,,ChIJu-SH28MJxkcRnwq9_851obM,2020-11-26,-26,-3,-13,-48,-25,11
NL,Netherlands,,,,,,ChIJu-SH28MJxkcRnwq9_851obM,2020-11-27,-22,1,2,-43,-21,9
NL,Netherlands,,,,,,ChIJu-SH28MJxkcRnwq9_851obM,2020-11-28,-28,-2,2,-44,-4,7
NL,Netherlands,,,,,,ChIJu-SH28MJxkcRnwq9_851obM,2020-11-29,-33,-7,12,-45,-3,5
NL,Netherlands,,,,,,ChIJu-SH28MJxkcRnwq9_851obM,2020-11-30,-24,-10,-19,-48,-26,11
NL,Netherlands,,,,,,ChIJu-SH28MJxkcRnwq9_851obM,2020-12-01,-20,0,0,-46,-25,10
NL,Netherlands,,,,,,ChIJu-SH28MJxkcRnwq9_851obM,2020-12-02,-21,-1,2,-45,-22,9
NL,Netherlands,,,,,,ChIJu-SH28MJxkcRnwq9_851obM,2020-12-03,-28,-4,-24,-49,-24,11
NL,Netherlands,,,,,,ChIJu-SH28MJxkcRnwq9_851obM,2020-12-04,-26,2,-7,-44,-20,10
NL,Netherlands,,,,,,ChIJu-SH28MJxkcRnwq9_851obM,2020-12-05,-34,-4,-8,-46,-2,7
NL,Netherlands,,,,,,ChIJu-SH28MJxkcRnwq9_851obM,2020-12-06,-41,-12,-11,-47,-5,5
NL,Netherlands,,,,,,ChIJu-SH28MJxkcRnwq9_851obM,2020-12-07,-26,-11,-22,-47,-26,10
NL,Netherlands,,,,,,ChIJu-SH28MJxkcRnwq9_851obM,2020-12-08,-22,-1,5,-47,-24,10
NL,Netherlands,,,,,,ChIJu-SH28MJxkcRnwq9_851obM,2020-12-09,-26,-6,-9,-47,-22,10
NL,Netherlands,,,,,,ChIJu-SH28MJxkcRnwq9_851obM,2020-12-10,-29,-5,-12,-48,-24,11
NL,Netherlands,,,,,,ChIJu-SH28MJxkcRnwq9_851obM,2020-12-11,-32,-7,-18,-46,-21,10
NL,Netherlands,,,,,,ChIJu-SH28MJxkcRnwq9_851obM,2020-12-12,-34,-5,-17,-46,-4,8
NL,Netherlands,,,,,,ChIJu-SH28MJxkcRnwq9_851obM,2020-12-13,-37,-7,4,-45,-4,6
NL,Netherlands,,,,,,ChIJu-SH28MJxkcRnwq9_851obM,2020-12-14,8,15,-7,-44,-25,9
NL,Netherlands,,,,,,ChIJu-SH28MJxkcRnwq9_851obM,2020-12-15,-48,-5,-3,-52,-29,13
NL,Netherlands,,,,,,ChIJu-SH28MJxkcRnwq9_851obM,2020-12-16,-49,-7,13,-56,-36,14
NL,Netherlands,,,,,,ChIJu-SH28MJxkcRnwq9_851obM,2020-12-17,-52,-7,-10,-59,-39,16
NL,Netherlands,,,,,,ChIJu-SH28MJxkcRnwq9_851obM,2020-12-18,-50,-5,11,-55,-37,14
NL,Netherlands,,,,,,ChIJu-SH28MJxkcRnwq9_851obM,2020-12-19,-59,-9,-7,-53,-13,10
NL,Netherlands,,,,,,ChIJu-SH28MJxkcRnwq9_851obM,2020-12-20,-58,-10,17,-51,-10,7
NL,Netherlands,,,,,,ChIJu-SH28MJxkcRnwq9_851obM,2020-12-21,-44,1,-22,-62,-51,16
NL,Netherlands,,,,,,ChIJu-SH28MJxkcRnwq9_851obM,2020-12-22,-36,22,18,-60,-51,16
NL,Netherlands,,,,,,ChIJu-SH28MJxkcRnwq9_851obM,2020-12-23,-40,20,-19,-60,-50,16
NL,Netherlands,,,,,,ChIJu-SH28MJxkcRnwq9_851obM,2020-12-24,-43,18,-13,-62,-60,18
NL,Netherlands,,,,,,ChIJu-SH28MJxkcRnwq9_851obM,2020-12-25,-82,-75,7,-75,-83,22
NL,Netherlands,,,,,,ChIJu-SH28MJxkcRnwq9_851obM,2020-12-26,-83,-63,-28,-66,-40,10
NL,Netherlands,,,,,,ChIJu-SH28MJxkcRnwq9_851obM,2020-12-27,-72,-33,-59,-63,-20,8
NL,Netherlands,,,,,,ChIJu-SH28MJxkcRnwq9_851obM,2020-12-28,-41,1,34,-62,-62,18
NL,Netherlands,,,,,,ChIJu-SH28MJxkcRnwq9_851obM,2020-12-29,-43,6,20,-64,-62,19
NL,Netherlands,,,,,,ChIJu-SH28MJxkcRnwq9_851obM,2020-12-30,-41,13,15,-61,-59,17
NL,Netherlands,,,,,,ChIJu-SH28MJxkcRnwq9_851obM,2020-12-31,-45,13,7,-63,-66,18
NL,Netherlands,,,,,,ChIJu-SH28MJxkcRnwq9_851obM,2021-01-01,-79,-77,5,-75,-83,24
NL,Netherlands,,,,,,ChIJu-SH28MJxkcRnwq9_851obM,2021-01-02,-65,-17,0,-59,-22,12
NL,Netherlands,,,,,,ChIJu-SH28MJxkcRnwq9_851obM,2021-01-03,-62,-19,3,-56,-12,8
NL,Netherlands,,,,,,ChIJu-SH28MJxkcRnwq9_851obM,2021-01-04,-52,-12,-23,-62,-41,16
NL,Netherlands,,,,,,ChIJu-SH28MJxkcRnwq9_851obM,2021-01-05,-52,-8,-8,-61,-41,16
NL,Netherlands,,,,,,ChIJu-SH28MJxkcRnwq9_851obM,2021-01-06,-53,-9,-2,-58,-37,15
NL,Netherlands,,,,,,ChIJu-SH28MJxkcRnwq9_851obM,2021-01-07,-58,-15,-32,-62,-39,17
NL,Netherlands,,,,,,ChIJu-SH28MJxkcRnwq9_851obM,2021-01-08,-55,-9,0,-57,-35,15
NL,Netherlands,,,,,,ChIJu-SH28MJxkcRnwq9_851obM,2021-01-09,-59,-9,19,-52,-12,10
NL,Netherlands,,,,,,ChIJu-SH28MJxkcRnwq9_851obM,2021-01-10,-60,-14,23,-52,-9,7
NL,Netherlands,,,,,,ChIJu-SH28MJxkcRnwq9_851obM,2021-01-11,-51,-13,-14,-59,-38,15
NL,Netherlands,,,,,,ChIJu-SH28MJxkcRnwq9_851obM,2021-01-12,-50,-7,8,-58,-38,15
NL,Netherlands,,,,,,ChIJu-SH28MJxkcRnwq9_851obM,2021-01-13,-53,-11,7,-56,-35,13
NL,Netherlands,,,,,,ChIJu-SH28MJxkcRnwq9_851obM,2021-01-14,-56,-13,-11,-60,-38,15
NL,Netherlands,,,,,,ChIJu-SH28MJxkcRnwq9_851obM,2021-01-15,-56,-12,-7,-57,-36,14
NL,Netherlands,,,,,,ChIJu-SH28MJxkcRnwq9_851obM,2021-01-16,-63,-14,-8,-57,-15,10
NL,Netherlands,,,,,,ChIJu-SH28MJxkcRnwq9_851obM,2021-01-17,-63,-20,4,-55,-13,7
NL,Netherlands,,,,,,ChIJu-SH28MJxkcRnwq9_851obM,2021-01-18,-52,-16,-7,-58,-39,14
NL,Netherlands,,,,,,ChIJu-SH28MJxkcRnwq9_851obM,2021-01-19,-55,-17,-23,-60,-39,15
NL,Netherlands,,,,,,ChIJu-SH28MJxkcRnwq9_851obM,2021-01-20,-52,-10,0,-56,-36,13
NL,Netherlands,,,,,,ChIJu-SH28MJxkcRnwq9_851obM,2021-01-21,-56,-13,-13,-59,-38,15
NL,Netherlands,,,,,,ChIJu-SH28MJxkcRnwq9_851obM,2021-01-22,-53,-7,14,-54,-34,14
NL,Netherlands,,,,,,ChIJu-SH28MJxkcRnwq9_851obM,2021-01-23,-60,-10,6,-56,-14,11
NL,Netherlands,,,,,,ChIJu-SH28MJxkcRnwq9_851obM,2021-01-24,-59,-15,42,-52,-13,7
NL,Netherlands,,,,,,ChIJu-SH28MJxkcRnwq9_851obM,2021-01-25,-50,-13,14,-57,-38,14
NL,Netherlands,,,,,,ChIJu-SH28MJxkcRnwq9_851obM,2021-01-26,-51,-8,15,-58,-38,15
NL,Netherlands,,,,,,ChIJu-SH28MJxkcRnwq9_851obM,2021-01-27,-54,-13,-9,-58,-35,14
NL,Netherlands,,,,,,ChIJu-SH28MJxkcRnwq9_851obM,2021-01-28,-58,-16,-33,-61,-38,16
NL,Netherlands,,,,,,ChIJu-SH28MJxkcRnwq9_851obM,2021-01-29,-55,-10,-11,-57,-34,15
NL,Netherlands,,,,,,ChIJu-SH28MJxkcRnwq9_851obM,2021-01-30,-59,-9,-4,-57,-12,11
NL,Netherlands,,,,,,ChIJu-SH28MJxkcRnwq9_851obM,2021-01-31,-56,-13,53,-49,-10,6
NL,Netherlands,,,,,,ChIJu-SH28MJxkcRnwq9_851obM,2021-02-01,-51,-15,-11,-58,-39,14
NL,Netherlands,,,,,,ChIJu-SH28MJxkcRnwq9_851obM,2021-02-02,-53,-10,-13,-59,-38,15
NL,Netherlands,,,,,,ChIJu-SH28MJxkcRnwq9_851obM,2021-02-03,-55,-15,-21,-58,-35,14
NL,Netherlands,,,,,,ChIJu-SH28MJxkcRnwq9_851obM,2021-02-04,-51,-5,15,-57,-36,14
NL,Netherlands,,,,,,ChIJu-SH28MJxkcRnwq9_851obM,2021-02-05,-50,0,7,-55,-32,14
NL,Netherlands,,,,,,ChIJu-SH28MJxkcRnwq9_851obM,2021-02-06,-58,-2,-16,-56,-9,10
NL,Netherlands,,,,,,ChIJu-SH28MJxkcRnwq9_851obM,2021-02-07,-74,-36,10,-67,-31,11
NL,Netherlands,,,,,,ChIJu-SH28MJxkcRnwq9_851obM,2021-02-08,-60,-26,-7,-67,-55,20
NL,Netherlands,,,,,,ChIJu-SH28MJxkcRnwq9_851obM,2021-02-09,-53,-7,26,-59,-46,17
NL,Netherlands,,,,,,ChIJu-SH28MJxkcRnwq9_851obM,2021-02-10,-52,-7,22,-55,-37,15
NL,Netherlands,,,,,,ChIJu-SH28MJxkcRnwq9_851obM,2021-02-11,-52,-6,35,-55,-38,16
NL,Netherlands,,,,,,ChIJu-SH28MJxkcRnwq9_851obM,2021-02-12,-51,-5,56,-51,-35,14
NL,Netherlands,,,,,,ChIJu-SH28MJxkcRnwq9_851obM,2021-02-13,-54,-4,110,-47,-12,9
NL,Netherlands,,,,,,ChIJu-SH28MJxkcRnwq9_851obM,2021-02-14,-52,-11,120,-43,-7,6
NL,Netherlands,,,,,,ChIJu-SH28MJxkcRnwq9_851obM,2021-02-15,-56,-22,-34,-61,-48,18
NL,Netherlands,,,,,,ChIJu-SH28MJxkcRnwq9_851obM,2021-02-16,-46,2,8,-55,-38,14
NL,Netherlands,,,,,,ChIJu-SH28MJxkcRnwq9_851obM,2021-02-17,-47,-2,12,-53,-34,13
NL,Netherlands,,,,,,ChIJu-SH28MJxkcRnwq9_851obM,2021-02-18,-51,-6,-10,-56,-36,15
NL,Netherlands,,,,,,ChIJu-SH28MJxkcRnwq9_851obM,2021-02-19,-47,0,29,-51,-33,13
NL,Netherlands,,,,,,ChIJu-SH28MJxkcRnwq9_851obM,2021-02-20,-49,-2,71,-42,-7,8
NL,Netherlands,,,,,,ChIJu-SH28MJxkcRnwq9_851obM,2021-02-21,-39,-3,134,-31,-3,3
NL,Netherlands,,,,,,ChIJu-SH28MJxkcRnwq9_851obM,2021-02-22,-38,-2,64,-51,-40,12
NL,Netherlands,,,,,,ChIJu-SH28MJxkcRnwq9_851obM,2021-02-23,-36,6,88,-51,-39,12
NL,Netherlands,,,,,,ChIJu-SH28MJxkcRnwq9_851obM,2021-02-24,-35,2,120,-45,-36,10
NL,Netherlands,,,,,,ChIJu-SH28MJxkcRnwq9_851obM,2021-02-25,-42,2,57,-52,-38,13
NL,Netherlands,,,,,,ChIJu-SH28MJxkcRnwq9_851obM,2021-02-26,-43,1,61,-49,-35,12
NL,Netherlands,,,,,,ChIJu-SH28MJxkcRnwq9_851obM,2021-02-27,-49,-1,51,-44,-4,8
NL,Netherlands,,,,,,ChIJu-SH28MJxkcRnwq9_851obM,2021-02-28,-45,-3,79,-38,-1,4
NL,Netherlands,,,,,,ChIJu-SH28MJxkcRnwq9_851obM,2021-03-01,-41,-5,28,-51,-33,12
NL,Netherlands,,,,,,ChIJu-SH28MJxkcRnwq9_851obM,2021-03-02,-38,3,71,-49,-32,12
NL,Netherlands,,,,,,ChIJu-SH28MJxkcRnwq9_851obM,2021-03-03,-35,1,42,-47,-29,10
NL,Netherlands,,,,,,ChIJu-SH28MJxkcRnwq9_851obM,2021-03-04,-43,-3,-6,-53,-32,13
NL,Netherlands,,,,,,ChIJu-SH28MJxkcRnwq9_851obM,2021-03-05,-40,2,34,-47,-27,11
NL,Netherlands,,,,,,ChIJu-SH28MJxkcRnwq9_851obM,2021-03-06,-45,1,35,-45,-1,8
NL,Netherlands,,,,,,ChIJu-SH28MJxkcRnwq9_851obM,2021-03-07,-50,-4,41,-44,-1,5
NL,Netherlands,,,,,,ChIJu-SH28MJxkcRnwq9_851obM,2021-03-08,-36,-3,20,-49,-32,11
NL,Netherlands,,,,,,ChIJu-SH28MJxkcRnwq9_851obM,2021-03-09,-38,1,18,-50,-32,12
NL,Netherlands,,,,,,ChIJu-SH28MJxkcRnwq9_851obM,2021-03-10,-40,-1,8,-49,-29,11
NL,Netherlands,,,,,,ChIJu-SH28MJxkcRnwq9_851obM,2021-03-11,-47,-8,-17,-52,-32,14
NL,Netherlands,,,,,,ChIJu-SH28MJxkcRnwq9_851obM,2021-03-12,-45,-2,-4,-49,-27,12
NL,Netherlands,,,,,,ChIJu-SH28MJxkcRnwq9_851obM,2021-03-13,-51,-4,-20,-52,-3,10
NL,Netherlands,,,,,,ChIJu-SH28MJxkcRnwq9_851obM,2021-03-14,-52,-4,26,-45,0,6
NL,Netherlands,,,,,,ChIJu-SH28MJxkcRnwq9_851obM,2021-03-15,-38,-5,9,-49,-32,12
NL,Netherlands,,,,,,ChIJu-SH28MJxkcRnwq9_851obM,2021-03-16,-36,0,10,-50,-32,12
NL,Netherlands,,,,,,ChIJu-SH28MJxkcRnwq9_851obM,2021-03-17,-25,8,30,-42,-28,10
NL,Netherlands,,,,,,ChIJu-SH28MJxkcRnwq9_851obM,2021-03-18,-42,-3,4,-51,-30,13
NL,Netherlands,,,,,,ChIJu-SH28MJxkcRnwq9_851obM,2021-03-19,-38,2,50,-45,-26,11
NL,Netherlands,,,,,,ChIJu-SH28MJxkcRnwq9_851obM,2021-03-20,-43,1,47,-43,1,7
NL,Netherlands,,,,,,ChIJu-SH28MJxkcRnwq9_851obM,2021-03-21,-48,-3,37,-45,1,5
NL,Netherlands,,,,,,ChIJu-SH28MJxkcRnwq9_851obM,2021-03-22,-34,-1,31,-48,-31,11
NL,Netherlands,,,,,,ChIJu-SH28MJxkcRnwq9_851obM,2021-03-23,-32,6,51,-48,-31,11
NL,Netherlands,,,,,,ChIJu-SH28MJxkcRnwq9_851obM,2021-03-24,-31,4,73,-43,-27,10
NL,Netherlands,,,,,,ChIJu-SH28MJxkcRnwq9_851obM,2021-03-25,-37,3,34,-48,-30,12
NL,Netherlands,,,,,,ChIJu-SH28MJxkcRnwq9_851obM,2021-03-26,-36,4,51,-44,-26,11
NL,Netherlands,,,,,,ChIJu-SH28MJxkcRnwq9_851obM,2021-03-27,-44,0,22,-46,-1,8
NL,Netherlands,,,,,,ChIJu-SH28MJxkcRnwq9_851obM,2021-03-28,-49,-7,31,-45,-1,6
NL,Netherlands,,,,,,ChIJu-SH28MJxkcRnwq9_851obM,2021-03-29,-28,0,85,-44,-30,10
NL,Netherlands,,,,,,ChIJu-SH28MJxkcRnwq9_851obM,2021-03-30,-23,8,153,-41,-30,10
NL,Netherlands,,,,,,ChIJu-SH28MJxkcRnwq9_851obM,2021-03-31,-23,8,152,-36,-27,8
NL,Netherlands,,,,,,ChIJu-SH28MJxkcRnwq9_851obM,2021-04-01,-32,9,62,-44,-29,10
NL,Netherlands,,,,,,ChIJu-SH28MJxkcRnwq9_851obM,2021-04-02,-34,11,67,-48,-39,12
NL,Netherlands,,,,,,ChIJu-SH28MJxkcRnwq9_851obM,2021-04-03,-38,12,74,-40,-1,6
NL,Netherlands,,,,,,ChIJu-SH28MJxkcRnwq9_851obM,2021-04-04,-59,-37,74,-43,0,4
NL,Netherlands,,,,,,ChIJu-SH28MJxkcRnwq9_851obM,2021-04-05,-52,-34,11,-67,-81,22
NL,Netherlands,,,,,,ChIJu-SH28MJxkcRnwq9_851obM,2021-04-06,-40,-1,7,-49,-31,12
NL,Netherlands,,,,,,ChIJu-SH28MJxkcRnwq9_851obM,2021-04-07,-41,-1,5,-47,-28,12
NL,Netherlands,,,,,,ChIJu-SH28MJxkcRnwq9_851obM,2021-04-08,-39,3,26,-48,-28,12
NL,Netherlands,,,,,,ChIJu-SH28MJxkcRnwq9_851obM,2021-04-09,-37,4,52,-43,-24,10
NL,Netherlands,,,,,,ChIJu-SH28MJxkcRnwq9_851obM,2021-04-10,-47,-2,2,-48,-3,9
NL,Netherlands,,,,,,ChIJu-SH28MJxkcRnwq9_851obM,2021-04-11,-46,-3,38,-43,-1,6
NL,Netherlands,,,,,,ChIJu-SH28MJxkcRnwq9_851obM,2021-04-12,-33,-2,33,-46,-29,11
NL,Netherlands,,,,,,ChIJu-SH28MJxkcRnwq9_851obM,2021-04-13,-30,7,71,-46,-29,11
NL,Netherlands,,,,,,ChIJu-SH28MJxkcRnwq9_851obM,2021-04-14,-33,4,57,-43,-26,10
NL,Netherlands,,,,,,ChIJu-SH28MJxkcRnwq9_851obM,2021-04-15,-36,4,44,-46,-27,11
NL,Netherlands,,,,,,ChIJu-SH28MJxkcRnwq9_851obM,2021-04-16,-34,5,85,-41,-24,9
NL,Netherlands,,,,,,ChIJu-SH28MJxkcRnwq9_851obM,2021-04-17,-38,2,93,-36,0,6
NL,Netherlands,,,,,,ChIJu-SH28MJxkcRnwq9_851obM,2021-04-18,-37,0,115,-31,2,3
NL,Netherlands,,,,,,ChIJu-SH28MJxkcRnwq9_851obM,2021-04-19,-30,2,67,-44,-29,10
NL,Netherlands,,,,,,ChIJu-SH28MJxkcRnwq9_851obM,2021-04-20,-24,12,123,-41,-27,10
NL,Netherlands,,,,,,ChIJu-SH28MJxkcRnwq9_851obM,2021-04-21,-29,8,79,-41,-25,9
NL,Netherlands,,,,,,ChIJu-SH28MJxkcRnwq9_851obM,2021-04-22,-33,7,59,-45,-26,11
NL,Netherlands,,,,,,ChIJu-SH28MJxkcRnwq9_851obM,2021-04-23,-31,8,104,-39,-23,8
NL,Netherlands,,,,,,ChIJu-SH28MJxkcRnwq9_851obM,2021-04-24,-37,6,101,-34,1,5
NL,Netherlands,,,,,,ChIJu-SH28MJxkcRnwq9_851obM,2021-04-25,-36,4,105,-34,1,4
NL,Netherlands,,,,,,ChIJu-SH28MJxkcRnwq9_851obM,2021-04-26,-12,20,149,-43,-44,10
NL,Netherlands,,,,,,ChIJu-SH28MJxkcRnwq9_851obM,2021-04-27,-19,4,296,-48,-76,17
NL,Netherlands,,,,,,ChIJu-SH28MJxkcRnwq9_851obM,2021-04-28,-11,8,124,-38,-31,8
NL,Netherlands,,,,,,ChIJu-SH28MJxkcRnwq9_851obM,2021-04-29,-29,2,20,-49,-33,12
NL,Netherlands,,,,,,ChIJu-SH28MJxkcRnwq9_851obM,2021-04-30,-24,7,70,-41,-29,9
NL,Netherlands,,,,,,ChIJu-SH28MJxkcRnwq9_851obM,2021-05-01,-23,7,95,-31,1,4
NL,Netherlands,,,,,,ChIJu-SH28MJxkcRnwq9_851obM,2021-05-02,-25,3,92,-33,3,3
NL,Netherlands,,,,,,ChIJu-SH28MJxkcRnwq9_851obM,2021-05-03,-6,8,119,-44,-40,9
NL,Netherlands,,,,,,ChIJu-SH28MJxkcRnwq9_851obM,2021-05-04,-20,2,58,-50,-41,12
NL,Netherlands,,,,,,ChIJu-SH28MJxkcRnwq9_851obM,2021-05-05,-12,11,94,-47,-43,11
NL,Netherlands,,,,,,ChIJu-SH28MJxkcRnwq9_851obM,2021-05-06,-16,9,87,-45,-39,11
NL,Netherlands,,,,,,ChIJu-SH28MJxkcRnwq9_851obM,2021-05-07,-17,10,116,-40,-34,8
NL,Netherlands,,,,,,ChIJu-SH28MJxkcRnwq9_851obM,2021-05-08,-28,10,48,-38,0,5
NL,Netherlands,,,,,,ChIJu-SH28MJxkcRnwq9_851obM,2021-05-09,-24,1,101,-24,19,0
NL,Netherlands,,,,,,ChIJu-SH28MJxkcRnwq9_851obM,2021-05-10,-13,4,99,-40,-33,9
NL,Netherlands,,,,,,ChIJu-SH28MJxkcRnwq9_851obM,2021-05-11,-11,12,103,-41,-32,10
NL,Netherlands,,,,,,ChIJu-SH28MJxkcRnwq9_851obM,2021-05-12,-4,19,175,-32,-29,5
NL,Netherlands,,,,,,ChIJu-SH28MJxkcRnwq9_851obM,2021-05-13,-14,-8,237,-48,-77,17
NL,Netherlands,,,,,,ChIJu-SH28MJxkcRnwq9_851obM,2021-05-14,-9,15,160,-41,-52,12
NL,Netherlands,,,,,,ChIJu-SH28MJxkcRnwq9_851obM,2021-05-15,-26,4,87,-33,-3,5
NL,Netherlands,,,,,,ChIJu-SH28MJxkcRnwq9_851obM,2021-05-16,-27,4,61,-32,6,3
NL,Netherlands,,,,,,ChIJu-SH28MJxkcRnwq9_851obM,2021-05-17,-17,6,56,-40,-28,9
NL,Netherlands,,,,,,ChIJu-SH28MJxkcRnwq9_851obM,2021-05-18,-11,15,106,-38,-26,9
NL,Netherlands,,,,,,ChIJu-SH28MJxkcRnwq9_851obM,2021-05-19,-17,7,68,-37,-24,8
NL,Netherlands,,,,,,ChIJu-SH28MJxkcRnwq9_851obM,2021-05-20,-13,13,76,-39,-25,8
NL,Netherlands,,,,,,ChIJu-SH28MJxkcRnwq9_851obM,2021-05-21,-19,13,76,-36,-22,7
NL,Netherlands,,,,,,ChIJu-SH28MJxkcRnwq9_851obM,2021-05-22,-25,13,44,-37,3,5
NL,Netherlands,,,,,,ChIJu-SH28MJxkcRnwq9_851obM,2021-05-23,-25,-13,109,-29,4,3
NL,Netherlands,,,,,,ChIJu-SH28MJxkcRnwq9_851obM,2021-05-24,-10,-8,71,-57,-79,19
NL,Netherlands,,,,,,ChIJu-SH28MJxkcRnwq9_851obM,2021-05-25,-11,19,57,-40,-26,8
NL,Netherlands,,,,,,ChIJu-SH28MJxkcRnwq9_851obM,2021-05-26,-13,14,55,-37,-22,8
NL,Netherlands,,,,,,ChIJu-SH28MJxkcRnwq9_851obM,2021-05-27,-17,12,46,-40,-23,9
NL,Netherlands,,,,,,ChIJu-SH28MJxkcRnwq9_851obM,2021-05-28,-8,13,138,-29,-18,5
NL,Netherlands,,,,,,ChIJu-SH28MJxkcRnwq9_851obM,2021-05-29,-12,11,144,-20,10,2
NL,Netherlands,,,,,,ChIJu-SH28MJxkcRnwq9_851obM,2021-05-30,5,16,187,-11,17,-1
NL,Netherlands,,,,,,ChIJu-SH28MJxkcRnwq9_851obM,2021-05-31,4,13,149,-33,-24,6
NL,Netherlands,,,,,,ChIJu-SH28MJxkcRnwq9_851obM,2021-06-01,6,22,198,-32,-24,6
NL,Netherlands,,,,,,ChIJu-SH28MJxkcRnwq9_851obM,2021-06-02,2,17,205,-28,-22,5
NL,Netherlands,,,,,,ChIJu-SH28MJxkcRnwq9_851obM,2021-06-03,-9,15,109,-37,-23,8
NL,Netherlands,,,,,,ChIJu-SH28MJxkcRnwq9_851obM,2021-06-04,-10,13,141,-31,-18,5
NL,Netherlands,,,,,,ChIJu-SH28MJxkcRnwq9_851obM,2021-06-05,-13,9,91,-27,8,3
NL,Netherlands,,,,,,ChIJu-SH28MJxkcRnwq9_851obM,2021-06-06,1,10,149,-16,16,0
NL,Netherlands,,,,,,ChIJu-SH28MJxkcRnwq9_851obM,2021-06-07,4,14,138,-34,-23,6
NL,Netherlands,,,,,,ChIJu-SH28MJxkcRnwq9_851obM,2021-06-08,7,21,173,-32,-22,6
NL,Netherlands,,,,,,ChIJu-SH28MJxkcRnwq9_851obM,2021-06-09,4,17,166,-29,-20,4
NL,Netherlands,,,,,,ChIJu-SH28MJxkcRnwq9_851obM,2021-06-10,-1,16,134,-34,-21,6
NL,Netherlands,,,,,,ChIJu-SH28MJxkcRnwq9_851obM,2021-06-11,-5,13,156,-29,-18,3
NL,Netherlands,,,,,,ChIJu-SH28MJxkcRnwq9_851obM,2021-06-12,-10,8,142,-21,8,1
NL,Netherlands,,,,,,ChIJu-SH28MJxkcRnwq9_851obM,2021-06-13,2,15,181,-13,15,-2
NL,Netherlands,,,,,,ChIJu-SH28MJxkcRnwq9_851obM,2021-06-14,2,14,157,-33,-24,5
NL,Netherlands,,,,,,ChIJu-SH28MJxkcRnwq9_851obM,2021-06-15,5,22,167,-33,-22,6
NL,Netherlands,,,,,,ChIJu-SH28MJxkcRnwq9_851obM,2021-06-16,1,15,197,-29,-21,4
NL,Netherlands,,,,,,ChIJu-SH28MJxkcRnwq9_851obM,2021-06-17,-10,13,114,-37,-23,6
NL,Netherlands,,,,,,ChIJu-SH28MJxkcRnwq9_851obM,2021-06-18,-11,7,116,-32,-20,5
NL,Netherlands,,,,,,ChIJu-SH28MJxkcRnwq9_851obM,2021-06-19,-10,11,114,-23,7,1
NL,Netherlands,,,,,,ChIJu-SH28MJxkcRnwq9_851obM,2021-06-20,-3,8,105,-20,17,-1
NL,Netherlands,,,,,,ChIJu-SH28MJxkcRnwq9_851obM,2021-06-21,-10,6,54,-38,-26,7
NL,Netherlands,,,,,,ChIJu-SH28MJxkcRnwq9_851obM,2021-06-22,1,16,122,-36,-23,6
NL,Netherlands,,,,,,ChIJu-SH28MJxkcRnwq9_851obM,2021-06-23,1,13,119,-32,-21,5
NL,Netherlands,,,,,,ChIJu-SH28MJxkcRnwq9_851obM,2021-06-24,0,12,114,-34,-22,6
NL,Netherlands,,,,,,ChIJu-SH28MJxkcRnwq9_851obM,2021-06-25,-4,9,119,-29,-19,4
NL,Netherlands,,,,,,ChIJu-SH28MJxkcRnwq9_851obM,2021-06-26,-4,6,122,-17,8,0
NL,Netherlands,,,,,,ChIJu-SH28MJxkcRnwq9_851obM,2021-06-27,-1,10,114,-16,15,-1
NL,Netherlands,,,,,,ChIJu-SH28MJxkcRnwq9_851obM,2021-06-28,2,11,101,-34,-25,6
NL,Netherlands,,,,,,ChIJu-SH28MJxkcRnwq9_851obM,2021-06-29,2,15,98,-36,-24,5
NL,Netherlands,,,,,,ChIJu-SH28MJxkcRnwq9_851obM,2021-06-30,-2,10,69,-34,-22,5
NL,Netherlands,,,,,,ChIJu-SH28MJxkcRnwq9_851obM,2021-07-01,0,11,80,-33,-23,6
NL,Netherlands,,,,,,ChIJu-SH28MJxkcRnwq9_851obM,2021-07-02,2,10,137,-26,-20,3
NL,Netherlands,,,,,,ChIJu-SH28MJxkcRnwq9_851obM,2021-07-03,-5,5,127,-13,8,0
NL,Netherlands,,,,,,ChIJu-SH28MJxkcRnwq9_851obM,2021-07-04,2,9,89,-15,13,0
NL,Netherlands,,,,,,ChIJu-SH28MJxkcRnwq9_851obM,2021-07-05,7,14,101,-33,-26,6
NL,Netherlands,,,,,,ChIJu-SH28MJxkcRnwq9_851obM,2021-07-06,7,18,112,-33,-25,6
NL,Netherlands,,,,,,ChIJu-SH28MJxkcRnwq9_851obM,2021-07-07,9,16,133,-28,-23,5
NL,Netherlands,,,,,,ChIJu-SH28MJxkcRnwq9_851obM,2021-07-08,5,13,115,-31,-25,5
NL,Netherlands,,,,,,ChIJu-SH28MJxkcRnwq9_851obM,2021-07-09,3,11,154,-26,-23,3
NL,Netherlands,,,,,,ChIJu-SH28MJxkcRnwq9_851obM,2021-07-10,-7,6,121,-17,6,1
NL,Netherlands,,,,,,ChIJu-SH28MJxkcRnwq9_851obM,2021-07-11,6,12,125,-15,12,-1
NL,Netherlands,,,,,,ChIJu-SH28MJxkcRnwq9_851obM,2021-07-12,6,13,132,-35,-32,6
NL,Netherlands,,,,,,ChIJu-SH28MJxkcRnwq9_851obM,2021-07-13,5,18,124,-36,-31,7
NL,Netherlands,,,,,,ChIJu-SH28MJxkcRnwq9_851obM,2021-07-14,3,12,117,-34,-29,6
NL,Netherlands,,,,,,ChIJu-SH28MJxkcRnwq9_851obM,2021-07-15,-5,9,85,-38,-31,8
NL,Netherlands,,,,,,ChIJu-SH28MJxkcRnwq9_851obM,2021-07-16,-2,9,154,-31,-29,5
NL,Netherlands,,,,,,ChIJu-SH28MJxkcRnwq9_851obM,2021-07-17,-9,5,175,-14,4,-1
NL,Netherlands,,,,,,ChIJu-SH28MJxkcRnwq9_851obM,2021-07-18,6,11,193,-10,11,-2
NL,Netherlands,,,,,,ChIJu-SH28MJxkcRnwq9_851obM,2021-07-19,11,14,186,-37,-38,6
NL,Netherlands,,,,,,ChIJu-SH28MJxkcRnwq9_851obM,2021-07-20,18,21,238,-34,-38,6
NL,Netherlands,,,,,,ChIJu-SH28MJxkcRnwq9_851obM,2021-07-21,13,13,226,-31,-35,4
NL,Netherlands,,,,,,ChIJu-SH28MJxkcRnwq9_851obM,2021-07-22,7,13,179,-36,-37,6
NL,Netherlands,,,,,,ChIJu-SH28MJxkcRnwq9_851obM,2021-07-23,2,9,186,-32,-35,4
NL,Netherlands,,,,,,ChIJu-SH28MJxkcRnwq9_851obM,2021-07-24,-13,1,129,-20,0,1
NL,Netherlands,,,,,,ChIJu-SH28MJxkcRnwq9_851obM,2021-07-25,4,7,129,-17,10,-1
NL,Netherlands,,,,,,ChIJu-SH28MJxkcRnwq9_851obM,2021-07-26,9,11,161,-41,-45,8
NL,Netherlands,,,,,,ChIJu-SH28MJxkcRnwq9_851obM,2021-07-27,12,16,179,-40,-44,9
NL,Netherlands,,,,,,ChIJu-SH28MJxkcRnwq9_851obM,2021-07-28,8,9,165,-38,-42,7
NL,Netherlands,,,,,,ChIJu-SH28MJxkcRnwq9_851obM,2021-07-29,7,10,158,-39,-43,8
NL,Netherlands,,,,,,ChIJu-SH28MJxkcRnwq9_851obM,2021-07-30,-5,3,142,-37,-41,6
NL,Netherlands,,,,,,ChIJu-SH28MJxkcRnwq9_851obM,2021-07-31,-15,-1,103,-24,-2,2
NL,Netherlands,,,,,,ChIJu-SH28MJxkcRnwq9_851obM,2021-08-01,-6,1,94,-22,6,0
NL,Netherlands,,,,,,ChIJu-SH28MJxkcRnwq9_851obM,2021-08-02,15,11,202,-38,-49,8
NL,Netherlands,,,,,,ChIJu-SH28MJxkcRnwq9_851obM,2021-08-03,18,15,237,-37,-48,8
NL,Netherlands,,,,,,ChIJu-SH28MJxkcRnwq9_851obM,2021-08-04,12,7,215,-34,-46,6
NL,Netherlands,,,,,,ChIJu-SH28MJxkcRnwq9_851obM,2021-08-05,7,9,180,-38,-48,8
NL,Netherlands,,,,,,ChIJu-SH28MJxkcRnwq9_851obM,2021-08-06,-6,3,141,-38,-45,7
NL,Netherlands,,,,,,ChIJu-SH28MJxkcRnwq9_851obM,2021-08-07,-14,-2,122,-19,-3,1
NL,Netherlands,,,,,,ChIJu-SH28MJxkcRnwq9_851obM,2021-08-08,-1,4,105,-19,7,0
NL,Netherlands,,,,,,ChIJu-SH28MJxkcRnwq9_851obM,2021-08-09,12,10,165,-41,-50,9
NL,Netherlands,,,,,,ChIJu-SH28MJxkcRnwq9_851obM,2021-08-10,18,16,229,-38,-49,9
NL,Netherlands,,,,,,ChIJu-SH28MJxkcRnwq9_851obM,2021-08-11,15,8,268,-31,-47,5
NL,Netherlands,,,,,,ChIJu-SH28MJxkcRnwq9_851obM,2021-08-12,8,9,243,-35,-49,7
NL,Netherlands,,,,,,ChIJu-SH28MJxkcRnwq9_851obM,2021-08-13,0,5,206,-33,-46,5
NL,Netherlands,,,,,,ChIJu-SH28MJxkcRnwq9_851obM,2021-08-14,-10,0,178,-12,-2,-1
NL,Netherlands,,,,,,ChIJu-SH28MJxkcRnwq9_851obM,2021-08-15,9,7,193,-6,12,-3
NL,Netherlands,,,,,,ChIJu-SH28MJxkcRnwq9_851obM,2021-08-16,7,10,136,-39,-48,9
NL,Netherlands,,,,,,ChIJu-SH28MJxkcRnwq9_851obM,2021-08-17,8,12,147,-39,-47,10
NL,Netherlands,,,,,,ChIJu-SH28MJxkcRnwq9_851obM,2021-08-18,9,10,175,-33,-42,7
NL,Netherlands,,,,,,ChIJu-SH28MJxkcRnwq9_851obM,2021-08-19,3,8,126,-37,-44,9
NL,Netherlands,,,,,,ChIJu-SH28MJxkcRnwq9_851obM,2021-08-20,3,8,170,-30,-41,5
NL,Netherlands,,,,,,ChIJu-SH28MJxkcRnwq9_851obM,2021-08-21,-6,1,170,-8,1,-1
NL,Netherlands,,,,,,ChIJu-SH28MJxkcRnwq9_851obM,2021-08-22,-3,8,67,-18,11,1
NL,Netherlands,,,,,,ChIJu-SH28MJxkcRnwq9_851obM,2021-08-23,16,15,168,-32,-39,6
NL,Netherlands,,,,,,ChIJu-SH28MJxkcRnwq9_851obM,2021-08-24,22,20,222,-28,-38,6
NL,Netherlands,,,,,,ChIJu-SH28MJxkcRnwq9_851obM,2021-08-25,16,14,189,-25,-35,5
NL,Netherlands,,,,,,ChIJu-SH28MJxkcRnwq9_851obM,2021-08-26,8,13,121,-31,-36,6
NL,Netherlands,,,,,,ChIJu-SH28MJxkcRnwq9_851obM,2021-08-27,3,10,127,-27,-33,5
NL,Netherlands,,,,,,ChIJu-SH28MJxkcRnwq9_851obM,2021-08-28,-5,5,108,-12,5,0
NL,Netherlands,,,,,,ChIJu-SH28MJxkcRnwq9_851obM,2021-08-29,-4,8,53,-15,13,1
NL,Netherlands,,,,,,ChIJu-SH28MJxkcRnwq9_851obM,2021-08-30,10,15,113,-26,-33,6
NL,Netherlands,,,,,,ChIJu-SH28MJxkcRnwq9_851obM,2021-08-31,12,20,140,-24,-31,6
NL,Netherlands,,,,,,ChIJu-SH28MJxkcRnwq9_851obM,2021-09-01,7,15,125,-20,-29,4
NL,Netherlands,,,,,,ChIJu-SH28MJxkcRnwq9_851obM,2021-09-02,5,13,115,-23,-30,5
NL,Netherlands,,,,,,ChIJu-SH28MJxkcRnwq9_851obM,2021-09-03,3,10,155,-16,-27,2
NL,Netherlands,,,,,,ChIJu-SH28MJxkcRnwq9_851obM,2021-09-04,-5,6,140,-8,7,-1
NL,Netherlands,,,,,,ChIJu-SH28MJxkcRnwq9_851obM,2021-09-05,9,13,161,1,16,-2
NL,Netherlands,,,,,,ChIJu-SH28MJxkcRnwq9_851obM,2021-09-06,7,14,135,-18,-30,4
NL,Netherlands,,,,,,ChIJu-SH28MJxkcRnwq9_851obM,2021-09-07,12,18,182,-17,-28,4
NL,Netherlands,,,,,,ChIJu-SH28MJxkcRnwq9_851obM,2021-09-08,10,14,218,-12,-26,2
NL,Netherlands,,,,,,ChIJu-SH28MJxkcRnwq9_851obM,2021-09-09,0,12,119,-20,-27,4
NL,Netherlands,,,,,,ChIJu-SH28MJxkcRnwq9_851obM,2021-09-10,-5,8,104,-17,-24,3
NL,Netherlands,,,,,,ChIJu-SH28MJxkcRnwq9_851obM,2021-09-11,-8,6,99,-11,6,0
NL,Netherlands,,,,,,ChIJu-SH28MJxkcRnwq9_851obM,2021-09-12,6,12,114,-6,14,-1
NL,Netherlands,,,,,,ChIJu-SH28MJxkcRnwq9_851obM,2021-09-13,2,12,99,-19,-28,4
NL,Netherlands,,,,,,ChIJu-SH28MJxkcRnwq9_851obM,2021-09-14,5,16,122,-19,-27,4
NL,Netherlands,,,,,,ChIJu-SH28MJxkcRnwq9_851obM,2021-09-15,1,15,90,-18,-26,4
NL,Netherlands,,,,,,ChIJu-SH28MJxkcRnwq9_851obM,2021-09-16,-1,10,90,-21,-28,3
NL,Netherlands,,,,,,ChIJu-SH28MJxkcRnwq9_851obM,2021-09-17,-1,8,120,-16,-26,2
NL,Netherlands,,,,,,ChIJu-SH28MJxkcRnwq9_851obM,2021-09-18,-3,4,127,-7,3,-1
NL,Netherlands,,,,,,ChIJu-SH28MJxkcRnwq9_851obM,2021-09-19,11,11,123,-5,10,-2
NL,Netherlands,,,,,,ChIJu-SH28MJxkcRnwq9_851obM,2021-09-20,2,13,89,-23,-27,4
NL,Netherlands,,,,,,ChIJu-SH28MJxkcRnwq9_851obM,2021-09-21,6,16,114,-22,-26,4
NL,Netherlands,,,,,,ChIJu-SH28MJxkcRnwq9_851obM,2021-09-22,6,11,113,-19,-22,3
NL,Netherlands,,,,,,ChIJu-SH28MJxkcRnwq9_851obM,2021-09-23,-2,10,60,-24,-23,5
NL,Netherlands,,,,,,ChIJu-SH28MJxkcRnwq9_851obM,2021-09-24,2,11,100,-16,-21,2
NL,Netherlands,,,,,,ChIJu-SH28MJxkcRnwq9_851obM,2021-09-25,-1,6,107,-4,4,-1
NL,Netherlands,,,,,,ChIJu-SH28MJxkcRnwq9_851obM,2021-09-26,10,11,103,-6,12,-1
NL,Netherlands,,,,,,ChIJu-SH28MJxkcRnwq9_851obM,2021-09-27,-4,8,46,-25,-24,5
NL,Netherlands,,,,,,ChIJu-SH28MJxkcRnwq9_851obM,2021-09-28,6,17,92,-21,-23,4
NL,Netherlands,,,,,,ChIJu-SH28MJxkcRnwq9_851obM,2021-09-29,-10,4,23,-26,-24,5
NL,Netherlands,,,,,,ChIJu-SH28MJxkcRnwq9_851obM,2021-09-30,-4,10,37,-26,-24,5
NL,Netherlands,,,,,,ChIJu-SH28MJxkcRnwq9_851obM,2021-10-01,-7,6,43,-22,-23,4
NL,Netherlands,,,,,,ChIJu-SH28MJxkcRnwq9_851obM,2021-10-02,-5,6,49,-13,-1,1
NL,Netherlands,,,,,,ChIJu-SH28MJxkcRnwq9_851obM,2021-10-03,-10,5,-2,-19,2,2
NL,Netherlands,,,,,,ChIJu-SH28MJxkcRnwq9_851obM,2021-10-04,-1,10,57,-26,-25,5
NL,Netherlands,,,,,,ChIJu-SH28MJxkcRnwq9_851obM,2021-10-05,-5,9,44,-28,-24,5
NL,Netherlands,,,,,,ChIJu-SH28MJxkcRnwq9_851obM,2021-10-06,-8,6,29,-25,-23,5
NL,Netherlands,,,,,,ChIJu-SH28MJxkcRnwq9_851obM,2021-10-07,-4,9,47,-26,-23,4
NL,Netherlands,,,,,,ChIJu-SH28MJxkcRnwq9_851obM,2021-10-08,-1,8,82,-19,-22,3
NL,Netherlands,,,,,,ChIJu-SH28MJxkcRnwq9_851obM,2021-10-09,-1,5,96,-8,0,0
NL,Netherlands,,,,,,ChIJu-SH28MJxkcRnwq9_851obM,2021-10-10,4,10,87,-7,5,0
NL,Netherlands,,,,,,ChIJu-SH28MJxkcRnwq9_851obM,2021-10-11,-3,9,54,-26,-23,5
NL,Netherlands,,,,,,ChIJu-SH28MJxkcRnwq9_851obM,2021-10-12,-4,11,50,-27,-23,5
NL,Netherlands,,,,,,ChIJu-SH28MJxkcRnwq9_851obM,2021-10-13,-2,12,59,-25,-21,4
NL,Netherlands,,,,,,ChIJu-SH28MJxkcRnwq9_851obM,2021-10-14,-6,8,42,-26,-22,5
NL,Netherlands,,,,,,ChIJu-SH28MJxkcRnwq9_851obM,2021-10-15,-4,8,64,-20,-22,3
NL,Netherlands,,,,,,ChIJu-SH28MJxkcRnwq9_851obM,2021-10-16,-5,5,69,-8,-2,0
NL,Netherlands,,,,,,ChIJu-SH28MJxkcRnwq9_851obM,2021-10-17,2,9,73,-10,3,0
NL,Netherlands,,,,,,ChIJu-SH28MJxkcRnwq9_851obM,2021-10-18,3,8,84,-31,-33,6
NL,Netherlands,,,,,,ChIJu-SH28MJxkcRnwq9_851obM,2021-10-19,1,11,72,-31,-32,6
NL,Netherlands,,,,,,ChIJu-SH28MJxkcRnwq9_851obM,2021-10-20,-1,8,58,-29,-31,5
NL,Netherlands,,,,,,ChIJu-SH28MJxkcRnwq9_851obM,2021-10-21,-6,3,24,-32,-32,7
NL,Netherlands,,,,,,ChIJu-SH28MJxkcRnwq9_851obM,2021-10-22,-4,6,41,-27,-31,5
NL,Netherlands,,,,,,ChIJu-SH28MJxkcRnwq9_851obM,2021-10-23,-5,6,52,-14,-3,1
NL,Netherlands,,,,,,ChIJu-SH28MJxkcRnwq9_851obM,2021-10-24,8,11,96,-4,3,0
NL,Netherlands,,,,,,ChIJu-SH28MJxkcRnwq9_851obM,2021-10-25,-3,8,34,-30,-27,6
NL,Netherlands,,,,,,ChIJu-SH28MJxkcRnwq9_851obM,2021-10-26,2,15,58,-29,-25,6
NL,Netherlands,,,,,,ChIJu-SH28MJxkcRnwq9_851obM,2021-10-27,2,11,60,-26,-24,5
NL,Netherlands,,,,,,ChIJu-SH28MJxkcRnwq9_851obM,2021-10-28,2,10,66,-25,-25,5
NL,Netherlands,,,,,,ChIJu-SH28MJxkcRnwq9_851obM,2021-10-29,0,9,67,-21,-24,4
NL,Netherlands,,,,,,ChIJu-SH28MJxkcRnwq9_851obM,2021-10-30,-10,4,16,-16,-4,2
NL,Netherlands,,,,,,ChIJu-SH28MJxkcRnwq9_851obM,2021-10-31,2,15,35,-13,3,1
NL,Netherlands,,,,,,ChIJu-SH28MJxkcRnwq9_851obM,2021-11-01,2,13,44,-25,-22,6
NL,Netherlands,,,,,,ChIJu-SH28MJxkcRnwq9_851obM,2021-11-02,-4,13,30,-27,-21,6
NL,Netherlands,,,,,,ChIJu-SH28MJxkcRnwq9_851obM,2021-11-03,-3,12,37,-26,-21,5
NL,Netherlands,,,,,,ChIJu-SH28MJxkcRnwq9_851obM,2021-11-04,-7,9,17,-28,-21,6
NL,Netherlands,,,,,,ChIJu-SH28MJxkcRnwq9_851obM,2021-11-05,-3,10,38,-23,-21,5
NL,Netherlands,,,,,,ChIJu-SH28MJxkcRnwq9_851obM,2021-11-06,-7,6,31,-15,-4,2
NL,Netherlands,,,,,,ChIJu-SH28MJxkcRnwq9_851obM,2021-11-07,-5,8,24,-16,0,2
NL,Netherlands,,,,,,ChIJu-SH28MJxkcRnwq9_851obM,2021-11-08,-7,8,24,-29,-23,6
NL,Netherlands,,,,,,ChIJu-SH28MJxkcRnwq9_851obM,2021-11-09,-4,13,35,-30,-22,6
NL,Netherlands,,,,,,ChIJu-SH28MJxkcRnwq9_851obM,2021-11-10,-4,11,32,-27,-21,5
NL,Netherlands,,,,,,ChIJu-SH28MJxkcRnwq9_851obM,2021-11-11,-5,12,20,-28,-23,7
NL,Netherlands,,,,,,ChIJu-SH28MJxkcRnwq9_851obM,2021-11-12,-4,8,35,-24,-22,6
NL,Netherlands,,,,,,ChIJu-SH28MJxkcRnwq9_851obM,2021-11-13,-15,8,28,-21,-6,4
NL,Netherlands,,,,,,ChIJu-SH28MJxkcRnwq9_851obM,2021-11-14,-12,9,35,-20,-2,3
NL,Netherlands,,,,,,ChIJu-SH28MJxkcRnwq9_851obM,2021-11-15,-14,5,10,-34,-26,8
NL,Netherlands,,,,,,ChIJu-SH28MJxkcRnwq9_851obM,2021-11-16,-12,12,18,-35,-26,9
NL,Netherlands,,,,,,ChIJu-SH28MJxkcRnwq9_851obM,2021-11-17,-11,10,25,-32,-24,7
NL,Netherlands,,,,,,ChIJu-SH28MJxkcRnwq9_851obM,2021-11-18,-17,8,12,-35,-25,9
NL,Netherlands,,,,,,ChIJu-SH28MJxkcRnwq9_851obM,2021-11-19,-14,9,28,-30,-23,8
NL,Netherlands,,,,,,ChIJu-SH28MJxkcRnwq9_851obM,2021-11-20,-16,7,15,-25,-6,5
NL,Netherlands,,,,,,ChIJu-SH28MJxkcRnwq9_851obM,2021-11-21,-13,7,26,-23,-2,3
NL,Netherlands,,,,,,ChIJu-SH28MJxkcRnwq9_851obM,2021-11-22,-9,8,26,-33,-27,8
NL,Netherlands,,,,,,ChIJu-SH28MJxkcRnwq9_851obM,2021-11-23,-7,15,23,-34,-26,8
NL,Netherlands,,,,,,ChIJu-SH28MJxkcRnwq9_851obM,2021-11-24,-7,12,17,-33,-24,7
NL,Netherlands,,,,,,ChIJu-SH28MJxkcRnwq9_851obM,2021-11-25,-10,12,0,-35,-26,9
NL,Netherlands,,,,,,ChIJu-SH28MJxkcRnwq9_851obM,2021-11-26,-13,6,-5,-31,-24,8
NL,Netherlands,,,,,,ChIJu-SH28MJxkcRnwq9_851obM,2021-11-27,-17,7,-13,-30,-5,5
NL,Netherlands,,,,,,ChIJu-SH28MJxkcRnwq9_851obM,2021-11-28,-20,9,-11,-30,-1,4
NL,Netherlands,,,,,,ChIJu-SH28MJxkcRnwq9_851obM,2021-11-29,-16,7,-2,-37,-28,10
NL,Netherlands,,,,,,ChIJu-SH28MJxkcRnwq9_851obM,2021-11-30,-19,10,-8,-39,-27,10
NL,Netherlands,,,,,,ChIJu-SH28MJxkcRnwq9_851obM,2021-12-01,-19,10,-10,-36,-25,9
NL,Netherlands,,,,,,ChIJu-SH28MJxkcRnwq9_851obM,2021-12-02,-23,9,-13,-39,-26,10
NL,Netherlands,,,,,,ChIJu-SH28MJxkcRnwq9_851obM,2021-12-03,-23,9,-9,-36,-24,9
NL,Netherlands,,,,,,ChIJu-SH28MJxkcRnwq9_851obM,2021-12-04,-25,8,-18,-35,-6,6
NL,Netherlands,,,,,,ChIJu-SH28MJxkcRnwq9_851obM,2021-12-05,-27,5,-11,-32,-2,4
NL,Netherlands,,,,,,ChIJu-SH28MJxkcRnwq9_851obM,2021-12-06,-19,3,-6,-39,-27,10
NL,Netherlands,,,,,,ChIJu-SH28MJxkcRnwq9_851obM,2021-12-07,-15,11,13,-38,-25,9
NL,Netherlands,,,,,,ChIJu-SH28MJxkcRnwq9_851obM,2021-12-08,-17,9,8,-36,-22,8
NL,Netherlands,,,,,,ChIJu-SH28MJxkcRnwq9_851obM,2021-12-09,-25,6,-12,-40,-23,10
NL,Netherlands,,,,,,ChIJu-SH28MJxkcRnwq9_851obM,2021-12-10,-24,7,-5,-35,-21,9
NL,Netherlands,,,,,,ChIJu-SH28MJxkcRnwq9_851obM,2021-12-11,-20,8,6,-29,-3,5
NL,Netherlands,,,,,,ChIJu-SH28MJxkcRnwq9_851obM,2021-12-12,-31,-1,-30,-34,-1,5
NL,Netherlands,,,,,,ChIJu-SH28MJxkcRnwq9_851obM,2021-12-13,-16,7,3,-37,-24,9
NL,Netherlands,,,,,,ChIJu-SH28MJxkcRnwq9_851obM,2021-12-14,-14,13,7,-37,-22,9
NL,Netherlands,,,,,,ChIJu-SH28MJxkcRnwq9_851obM,2021-12-15,-13,14,11,-34,-20,8
NL,Netherlands,,,,,,ChIJu-SH28MJxkcRnwq9_851obM,2021-12-16,-18,13,7,-36,-21,9
NL,Netherlands,,,,,,ChIJu-SH28MJxkcRnwq9_851obM,2021-12-17,-20,10,3,-33,-19,8
NL,Netherlands,,,,,,ChIJu-SH28MJxkcRnwq9_851obM,2021-12-18,-10,17,-1,-26,1,4
NL,Netherlands,,,,,,ChIJu-SH28MJxkcRnwq9_851obM,2021-12-19,-53,7,-6,-38,-4,6
NL,Netherlands,,,,,,ChIJu-SH28MJxkcRnwq9_851obM,2021-12-20,-32,16,15,-45,-33,11
NL,Netherlands,,,,,,ChIJu-SH28MJxkcRnwq9_851obM,2021-12-21,-31,25,34,-45,-33,11
NL,Netherlands,,,,,,ChIJu-SH28MJxkcRnwq9_851obM,2021-12-22,-32,28,14,-43,-32,10
NL,Netherlands,,,,,,ChIJu-SH28MJxkcRnwq9_851obM,2021-12-23,-32,37,-15,-47,-37,13
NL,Netherlands,,,,,,ChIJu-SH28MJxkcRnwq9_851obM,2021-12-24,-39,27,-15,-48,-50,14
NL,Netherlands,,,,,,ChIJu-SH28MJxkcRnwq9_851obM,2021-12-25,-83,-72,-19,-56,-51,7
NL,Netherlands,,,,,,ChIJu-SH28MJxkcRnwq9_851obM,2021-12-26,-68,-29,-14,-44,-20,2
NL,Netherlands,,,,,,ChIJu-SH28MJxkcRnwq9_851obM,2021-12-27,-37,1,13,-53,-62,16
NL,Netherlands,,,,,,ChIJu-SH28MJxkcRnwq9_851obM,2021-12-28,-37,12,4,-54,-59,17
NL,Netherlands,,,,,,ChIJu-SH28MJxkcRnwq9_851obM,2021-12-29,-37,12,13,-51,-57,15
NL,Netherlands,,,,,,ChIJu-SH28MJxkcRnwq9_851obM,2021-12-30,-33,28,15,-53,-60,17
NL,Netherlands,,,,,,ChIJu-SH28MJxkcRnwq9_851obM,2021-12-31,-44,16,13,-52,-64,14
NL,Netherlands,,,,,,ChIJu-SH28MJxkcRnwq9_851obM,2022-01-01,-78,-72,11,-53,-49,9
NL,Netherlands,,,,,,ChIJu-SH28MJxkcRnwq9_851obM,2022-01-02,-51,5,9,-41,-12,6
NL,Netherlands,,,,,,ChIJu-SH28MJxkcRnwq9_851obM,2022-01-03,-35,7,22,-51,-48,15
NL,Netherlands,,,,,,ChIJu-SH28MJxkcRnwq9_851obM,2022-01-04,-38,8,13,-52,-46,15
NL,Netherlands,,,,,,ChIJu-SH28MJxkcRnwq9_851obM,2022-01-05,-44,0,-6,-52,-44,14
NL,Netherlands,,,,,,ChIJu-SH28MJxkcRnwq9_851obM,2022-01-06,-41,6,26,-51,-44,15
NL,Netherlands,,,,,,ChIJu-SH28MJxkcRnwq9_851obM,2022-01-07,-47,0,-5,-51,-42,15
NL,Netherlands,,,,,,ChIJu-SH28MJxkcRnwq9_851obM,2022-01-08,-56,-4,-28,-48,-17,10
NL,Netherlands,,,,,,ChIJu-SH28MJxkcRnwq9_851obM,2022-01-09,-51,2,14,-40,-9,6
NL,Netherlands,,,,,,ChIJu-SH28MJxkcRnwq9_851obM,2022-01-10,-39,2,8,-46,-29,11
NL,Netherlands,,,,,,ChIJu-SH28MJxkcRnwq9_851obM,2022-01-11,-40,8,15,-47,-28,11
NL,Netherlands,,,,,,ChIJu-SH28MJxkcRnwq9_851obM,2022-01-12,-42,4,8,-45,-27,10
NL,Netherlands,,,,,,ChIJu-SH28MJxkcRnwq9_851obM,2022-01-13,-46,3,-9,-48,-28,12
NL,Netherlands,,,,,,ChIJu-SH28MJxkcRnwq9_851obM,2022-01-14,-46,3,2,-44,-25,11
NL,Netherlands,,,,,,ChIJu-SH28MJxkcRnwq9_851obM,2022-01-15,-30,3,-5,-40,-6,7
NL,Netherlands,,,,,,ChIJu-SH28MJxkcRnwq9_851obM,2022-01-16,-35,3,7,-37,-4,5
NL,Netherlands,,,,,,ChIJu-SH28MJxkcRnwq9_851obM,2022-01-17,-21,0,7,-43,-28,9
NL,Netherlands,,,,,,ChIJu-SH28MJxkcRnwq9_851obM,2022-01-18,-23,6,13,-44,-27,10
NL,Netherlands,,,,,,ChIJu-SH28MJxkcRnwq9_851obM,2022-01-19,-28,3,4,-38,-26,9
NL,Netherlands,,,,,,ChIJu-SH28MJxkcRnwq9_851obM,2022-01-20,-32,4,-7,-42,-27,11
NL,Netherlands,,,,,,ChIJu-SH28MJxkcRnwq9_851obM,2022-01-21,-32,5,2,-37,-25,10
NL,Netherlands,,,,,,ChIJu-SH28MJxkcRnwq9_851obM,2022-01-22,-30,7,-1,-32,-7,7
NL,Netherlands,,,,,,ChIJu-SH28MJxkcRnwq9_851obM,2022-01-23,-34,5,22,-30,-4,5
NL,Netherlands,,,,,,ChIJu-SH28MJxkcRnwq9_851obM,2022-01-24,-24,3,10,-39,-29,10
NL,Netherlands,,,,,,ChIJu-SH28MJxkcRnwq9_851obM,2022-01-25,-23,9,18,-40,-29,10
NL,Netherlands,,,,,,ChIJu-SH28MJxkcRnwq9_851obM,2022-01-26,-17,4,10,-40,-26,8
NL,Netherlands,,,,,,ChIJu-SH28MJxkcRnwq9_851obM,2022-01-27,-24,0,-10,-43,-27,10
NL,Netherlands,,,,,,ChIJu-SH28MJxkcRnwq9_851obM,2022-01-28,-17,3,24,-35,-24,8
NL,Netherlands,,,,,,ChIJu-SH28MJxkcRnwq9_851obM,2022-01-29,-18,1,6,-28,-3,5
NL,Netherlands,,,,,,ChIJu-SH28MJxkcRnwq9_851obM,2022-01-30,-9,6,51,-23,3,2
NL,Netherlands,,,,,,ChIJu-SH28MJxkcRnwq9_851obM,2022-01-31,-29,-9,-21,-43,-30,10
NL,Netherlands,,,,,,ChIJu-SH28MJxkcRnwq9_851obM,2022-02-01,-20,5,3,-39,-28,9
NL,Netherlands,,,,,,ChIJu-SH28MJxkcRnwq9_851obM,2022-02-02,-15,7,26,-36,-26,8
NL,Netherlands,,,,,,ChIJu-SH28MJxkcRnwq9_851obM,2022-02-03,-24,1,-8,-41,-27,9
NL,Netherlands,,,,,,ChIJu-SH28MJxkcRnwq9_851obM,2022-02-04,-23,-1,-6,-37,-25,9
NL,Netherlands,,,,,,ChIJu-SH28MJxkcRnwq9_851obM,2022-02-05,-16,3,22,-25,-4,4
NL,Netherlands,,,,,,ChIJu-SH28MJxkcRnwq9_851obM,2022-02-06,-31,-7,-36,-35,-3,5
NL,Netherlands,,,,,,ChIJu-SH28MJxkcRnwq9_851obM,2022-02-07,-17,2,18,-36,-28,8
NL,Netherlands,,,,,,ChIJu-SH28MJxkcRnwq9_851obM,2022-02-08,-14,6,23,-37,-27,8
NL,Netherlands,,,,,,ChIJu-SH28MJxkcRnwq9_851obM,2022-02-09,-16,3,13,-36,-26,7
NL,Netherlands,,,,,,ChIJu-SH28MJxkcRnwq9_851obM,2022-02-10,-20,2,0,-38,-27,9
NL,Netherlands,,,,,,ChIJu-SH28MJxkcRnwq9_851obM,2022-02-11,-16,3,20,-32,-24,7
NL,Netherlands,,,,,,ChIJu-SH28MJxkcRnwq9_851obM,2022-02-12,-12,3,35,-23,-4,3
NL,Netherlands,,,,,,ChIJu-SH28MJxkcRnwq9_851obM,2022-02-13,-9,5,30,-24,2,3
NL,Netherlands,,,,,,ChIJu-SH28MJxkcRnwq9_851obM,2022-02-14,-7,6,12,-34,-26,7
NL,Netherlands,,,,,,ChIJu-SH28MJxkcRnwq9_851obM,2022-02-15,-16,3,15,-35,-25,8
NL,Netherlands,,,,,,ChIJu-SH28MJxkcRnwq9_851obM,2022-02-16,-19,2,-1,-34,-23,7
NL,Netherlands,,,,,,ChIJu-SH28MJxkcRnwq9_851obM,2022-02-17,-20,3,-1,-34,-24,8
NL,Netherlands,,,,,,ChIJu-SH28MJxkcRnwq9_851obM,2022-02-18,-38,-9,-21,-57,-28,13
NL,Netherlands,,,,,,ChIJu-SH28MJxkcRnwq9_851obM,2022-02-19,-16,1,4,-35,-2,3
NL,Netherlands,,,,,,ChIJu-SH28MJxkcRnwq9_851obM,2022-02-20,-26,-10,-40,-34,-1,4
NL,Netherlands,,,,,,ChIJu-SH28MJxkcRnwq9_851obM,2022-02-21,-18,-2,-7,-39,-29,8
NL,Netherlands,,,,,,ChIJu-SH28MJxkcRnwq9_851obM,2022-02-22,-10,6,16,-36,-27,7
NL,Netherlands,,,,,,ChIJu-SH28MJxkcRnwq9_851obM,2022-02-23,-2,10,53,-30,-25,5
NL,Netherlands,,,,,,ChIJu-SH28MJxkcRnwq9_851obM,2022-02-24,-17,0,-8,-36,-26,7
NL,Netherlands,,,,,,ChIJu-SH28MJxkcRnwq9_851obM,2022-02-25,-8,4,15,-30,-26,5
NL,Netherlands,,,,,,ChIJu-SH28MJxkcRnwq9_851obM,2022-02-26,-5,2,45,-12,-4,0
NL,Netherlands,,,,,,ChIJu-SH28MJxkcRnwq9_851obM,2022-02-27,9,6,75,-6,5,-1
NL,Netherlands,,,,,,ChIJu-SH28MJxkcRnwq9_851obM,2022-02-28,2,4,57,-32,-35,6
NL,Netherlands,,,,,,ChIJu-SH28MJxkcRnwq9_851obM,2022-03-01,-7,6,29,-36,-33,7
NL,Netherlands,,,,,,ChIJu-SH28MJxkcRnwq9_851obM,2022-03-02,-5,5,53,-32,-30,5
NL,Netherlands,,,,,,ChIJu-SH28MJxkcRnwq9_851obM,2022-03-03,-9,4,38,-35,-31,7
NL,Netherlands,,,,,,ChIJu-SH28MJxkcRnwq9_851obM,2022-03-04,-7,-1,43,-32,-30,6
NL,Netherlands,,,,,,ChIJu-SH28MJxkcRnwq9_851obM,2022-03-05,-9,-2,36,-20,-4,2
NL,Netherlands,,,,,,ChIJu-SH28MJxkcRnwq9_851obM,2022-03-06,-3,3,32,-19,3,1
NL,Netherlands,,,,,,ChIJu-SH28MJxkcRnwq9_851obM,2022-03-07,-11,-2,14,-34,-25,6
NL,Netherlands,,,,,,ChIJu-SH28MJxkcRnwq9_851obM,2022-03-08,-9,4,25,-34,-24,6
NL,Netherlands,,,,,,ChIJu-SH28MJxkcRnwq9_851obM,2022-03-09,-10,1,31,-32,-23,5
NL,Netherlands,,,,,,ChIJu-SH28MJxkcRnwq9_851obM,2022-03-10,-12,-1,20,-33,-23,6
NL,Netherlands,,,,,,ChIJu-SH28MJxkcRnwq9_851obM,2022-03-11,-11,-1,27,-30,-22,5
NL,Netherlands,,,,,,ChIJu-SH28MJxkcRnwq9_851obM,2022-03-12,-11,-2,23,-20,-2,2
NL,Netherlands,,,,,,ChIJu-SH28MJxkcRnwq9_851obM,2022-03-13,0,4,44,-15,4,1
NL,Netherlands,,,,,,ChIJu-SH28MJxkcRnwq9_851obM,2022-03-14,-12,-2,9,-33,-23,6
NL,Netherlands,,,,,,ChIJu-SH28MJxkcRnwq9_851obM,2022-03-15,-7,4,27,-31,-22,5
NL,Netherlands,,,,,,ChIJu-SH28MJxkcRnwq9_851obM,2022-03-16,-5,4,27,-29,-21,4
NL,Netherlands,,,,,,ChIJu-SH28MJxkcRnwq9_851obM,2022-03-17,-12,-1,7,-32,-21,6
NL,Netherlands,,,,,,ChIJu-SH28MJxkcRnwq9_851obM,2022-03-18,-9,2,41,-27,-20,4
NL,Netherlands,,,,,,ChIJu-SH28MJxkcRnwq9_851obM,2022-03-19,-10,1,40,-16,-2,1
NL,Netherlands,,,,,,ChIJu-SH28MJxkcRnwq9_851obM,2022-03-20,-12,3,6,-19,2,1
NL,Netherlands,,,,,,ChIJu-SH28MJxkcRnwq9_851obM,2022-03-21,-7,4,33,-30,-21,5
NL,Netherlands,,,,,,ChIJu-SH28MJxkcRnwq9_851obM,2022-03-22,-3,7,60,-28,-20,4
NL,Netherlands,,,,,,ChIJu-SH28MJxkcRnwq9_851obM,2022-03-23,-2,7,57,-26,-19,3
NL,Netherlands,,,,,,ChIJu-SH28MJxkcRnwq9_851obM,2022-03-24,-6,5,36,-28,-19,4
NL,Netherlands,,,,,,ChIJu-SH28MJxkcRnwq9_851obM,2022-03-25,-3,6,58,-23,-19,3
NL,Netherlands,,,,,,ChIJu-SH28MJxkcRnwq9_851obM,2022-03-26,-3,3,68,-7,-1,-1
NL,Netherlands,,,,,,ChIJu-SH28MJxkcRnwq9_851obM,2022-03-27,6,9,67,-5,6,-1
NL,Netherlands,,,,,,ChIJu-SH28MJxkcRnwq9_851obM,2022-03-28,-8,4,32,-29,-20,5
NL,Netherlands,,,,,,ChIJu-SH28MJxkcRnwq9_851obM,2022-03-29,-6,9,34,-29,-18,4
NL,Netherlands,,,,,,ChIJu-SH28MJxkcRnwq9_851obM,2022-03-30,-7,7,26,-28,-17,4
NL,Netherlands,,,,,,ChIJu-SH28MJxkcRnwq9_851obM,2022-03-31,-19,-1,-14,-31,-19,6
NL,Netherlands,,,,,,ChIJu-SH28MJxkcRnwq9_851obM,2022-04-01,-14,1,8,-28,-19,5
NL,Netherlands,,,,,,ChIJu-SH28MJxkcRnwq9_851obM,2022-04-02,-10,4,20,-17,-1,1
NL,Netherlands,,,,,,ChIJu-SH28MJxkcRnwq9_851obM,2022-04-03,-6,9,17,-21,4,1
NL,Netherlands,,,,,,ChIJu-SH28MJxkcRnwq9_851obM,2022-04-04,-21,-6,-10,-30,-20,6
NL,Netherlands,,,,,,ChIJu-SH28MJxkcRnwq9_851obM,2022-04-05,-11,8,16,-29,-18,5
NL,Netherlands,,,,,,ChIJu-SH28MJxkcRnwq9_851obM,2022-04-06,-12,4,6,-28,-17,5
NL,Netherlands,,,,,,ChIJu-SH28MJxkcRnwq9_851obM,2022-04-07,-15,0,-6,-28,-18,6
NL,Netherlands,,,,,,ChIJu-SH28MJxkcRnwq9_851obM,2022-04-08,-5,9,33,-23,-17,3
NL,Netherlands,,,,,,ChIJu-SH28MJxkcRnwq9_851obM,2022-04-09,-7,5,26,-12,1,1
NL,Netherlands,,,,,,ChIJu-SH28MJxkcRnwq9_851obM,2022-04-10,8,13,65,0,7,0
NL,Netherlands,,,,,,ChIJu-SH28MJxkcRnwq9_851obM,2022-04-11,0,9,62,-24,-18,4
NL,Netherlands,,,,,,ChIJu-SH28MJxkcRnwq9_851obM,2022-04-12,6,14,101,-20,-16,3
NL,Netherlands,,,,,,ChIJu-SH28MJxkcRnwq9_851obM,2022-04-13,0,12,69,-22,-16,3
NL,Netherlands,,,,,,ChIJu-SH28MJxkcRnwq9_851obM,2022-04-14,3,12,79,-20,-17,2
NL,Netherlands,,,,,,ChIJu-SH28MJxkcRnwq9_851obM,2022-04-15,3,15,111,-25,-33,5